predict_nodepair_id,ans
0,1
1,1
2,0
3,1
4,0
5,1
6,0
7,0
8,1
9,1
10,0
11,1
12,1
13,1
14,1
15,0
16,1
17,1
18,1
19,1
20,1
21,1
22,1
23,0
24,1
25,1
26,1
27,0
28,0
29,0
30,0
31,1
32,0
33,1
34,1
35,1
36,1
37,0
38,1
39,0
40,1
41,1
42,1
43,0
44,0
45,1
46,1
47,1
48,0
49,1
50,1
51,0
52,1
53,1
54,1
55,0
56,1
57,1
58,1
59,0
60,1
61,0
62,1
63,1
64,1
65,1
66,1
67,0
68,0
69,0
70,1
71,0
72,1
73,0
74,1
75,0
76,0
77,0
78,0
79,0
80,1
81,1
82,0
83,0
84,0
85,1
86,1
87,1
88,0
89,1
90,0
91,0
92,1
93,1
94,1
95,0
96,1
97,1
98,0
99,0
100,0
101,1
102,0
103,1
104,0
105,0
106,0
107,1
108,1
109,1
110,1
111,1
112,1
113,1
114,0
115,0
116,1
117,1
118,1
119,0
120,1
121,1
122,1
123,1
124,0
125,1
126,1
127,1
128,1
129,1
130,0
131,1
132,0
133,1
134,0
135,0
136,1
137,1
138,0
139,0
140,1
141,1
142,1
143,1
144,1
145,1
146,0
147,0
148,0
149,1
150,1
151,0
152,1
153,1
154,0
155,1
156,0
157,1
158,1
159,1
160,1
161,0
162,1
163,1
164,1
165,1
166,1
167,0
168,1
169,1
170,0
171,0
172,1
173,0
174,1
175,0
176,0
177,0
178,0
179,0
180,1
181,0
182,0
183,0
184,1
185,0
186,1
187,0
188,0
189,1
190,0
191,1
192,1
193,1
194,0
195,1
196,0
197,1
198,1
199,1
200,0
201,1
202,1
203,1
204,1
205,1
206,1
207,0
208,1
209,0
210,0
211,0
212,0
213,0
214,0
215,1
216,1
217,0
218,0
219,1
220,0
221,1
222,1
223,1
224,0
225,0
226,1
227,1
228,1
229,1
230,1
231,0
232,0
233,0
234,0
235,1
236,0
237,1
238,1
239,0
240,1
241,0
242,1
243,0
244,1
245,0
246,1
247,0
248,0
249,1
250,1
251,1
252,1
253,1
254,0
255,1
256,0
257,1
258,0
259,0
260,1
261,1
262,1
263,1
264,1
265,0
266,0
267,0
268,1
269,1
270,0
271,1
272,0
273,1
274,1
275,0
276,1
277,0
278,1
279,0
280,1
281,1
282,1
283,1
284,0
285,0
286,1
287,1
288,0
289,1
290,1
291,1
292,1
293,1
294,0
295,0
296,1
297,0
298,0
299,1
300,1
301,0
302,1
303,1
304,1
305,0
306,1
307,1
308,1
309,0
310,0
311,1
312,0
313,1
314,1
315,0
316,1
317,0
318,1
319,0
320,0
321,1
322,0
323,1
324,1
325,1
326,1
327,1
328,0
329,0
330,1
331,1
332,0
333,0
334,0
335,0
336,1
337,1
338,0
339,0
340,1
341,1
342,0
343,0
344,1
345,0
346,1
347,1
348,0
349,1
350,1
351,0
352,1
353,1
354,1
355,1
356,0
357,1
358,0
359,0
360,0
361,0
362,1
363,0
364,1
365,0
366,0
367,1
368,0
369,0
370,0
371,1
372,0
373,1
374,1
375,0
376,1
377,1
378,1
379,1
380,1
381,1
382,0
383,0
384,0
385,1
386,1
387,0
388,0
389,1
390,1
391,1
392,0
393,0
394,0
395,0
396,0
397,1
398,1
399,0
400,0
401,1
402,1
403,1
404,1
405,0
406,0
407,0
408,0
409,0
410,1
411,1
412,1
413,1
414,1
415,0
416,1
417,1
418,1
419,1
420,1
421,0
422,0
423,1
424,0
425,0
426,1
427,0
428,1
429,1
430,1
431,0
432,0
433,0
434,0
435,0
436,1
437,1
438,1
439,1
440,1
441,1
442,0
443,0
444,1
445,0
446,1
447,1
448,0
449,0
450,1
451,1
452,1
453,0
454,1
455,0
456,1
457,0
458,0
459,1
460,0
461,1
462,0
463,1
464,1
465,1
466,1
467,0
468,1
469,1
470,1
471,1
472,1
473,0
474,1
475,1
476,0
477,0
478,0
479,1
480,1
481,0
482,0
483,1
484,0
485,1
486,1
487,1
488,0
489,0
490,1
491,1
492,1
493,1
494,0
495,0
496,0
497,1
498,1
499,0
500,1
501,0
502,0
503,1
504,0
505,1
506,0
507,0
508,0
509,1
510,1
511,1
512,1
513,0
514,0
515,1
516,1
517,1
518,1
519,1
520,1
521,1
522,1
523,1
524,1
525,1
526,1
527,1
528,0
529,1
530,0
531,1
532,1
533,1
534,0
535,1
536,0
537,0
538,0
539,1
540,1
541,1
542,0
543,0
544,1
545,0
546,0
547,0
548,0
549,1
550,0
551,0
552,1
553,0
554,1
555,0
556,0
557,1
558,1
559,0
560,1
561,1
562,0
563,0
564,0
565,0
566,1
567,1
568,0
569,0
570,0
571,1
572,1
573,1
574,1
575,0
576,0
577,1
578,1
579,1
580,1
581,1
582,0
583,0
584,0
585,1
586,1
587,0
588,0
589,0
590,0
591,1
592,1
593,1
594,1
595,1
596,1
597,1
598,1
599,1
600,0
601,1
602,0
603,0
604,0
605,1
606,1
607,1
608,0
609,0
610,0
611,0
612,1
613,0
614,1
615,0
616,1
617,0
618,0
619,1
620,1
621,0
622,0
623,1
624,1
625,1
626,1
627,0
628,0
629,1
630,0
631,1
632,0
633,0
634,1
635,1
636,1
637,0
638,0
639,1
640,0
641,0
642,1
643,0
644,1
645,0
646,1
647,0
648,0
649,0
650,0
651,0
652,1
653,0
654,0
655,1
656,0
657,0
658,1
659,0
660,1
661,1
662,0
663,1
664,1
665,1
666,1
667,0
668,0
669,1
670,0
671,1
672,0
673,0
674,0
675,1
676,0
677,1
678,0
679,0
680,0
681,1
682,1
683,0
684,1
685,0
686,0
687,1
688,1
689,1
690,0
691,0
692,1
693,1
694,1
695,0
696,1
697,0
698,0
699,0
700,1
701,1
702,0
703,0
704,0
705,1
706,1
707,1
708,0
709,0
710,0
711,1
712,1
713,1
714,0
715,1
716,0
717,1
718,1
719,0
720,1
721,0
722,0
723,0
724,0
725,1
726,1
727,1
728,1
729,0
730,0
731,1
732,0
733,1
734,0
735,0
736,0
737,1
738,1
739,0
740,0
741,1
742,1
743,0
744,0
745,1
746,0
747,0
748,1
749,0
750,1
751,0
752,1
753,0
754,1
755,1
756,1
757,0
758,1
759,0
760,0
761,1
762,0
763,1
764,1
765,0
766,1
767,1
768,0
769,0
770,0
771,0
772,1
773,0
774,1
775,0
776,0
777,1
778,1
779,1
780,1
781,1
782,1
783,1
784,1
785,1
786,0
787,0
788,0
789,1
790,1
791,1
792,1
793,1
794,0
795,1
796,0
797,1
798,0
799,1
800,1
801,1
802,0
803,1
804,1
805,1
806,0
807,0
808,1
809,1
810,1
811,1
812,1
813,0
814,1
815,1
816,1
817,0
818,0
819,0
820,1
821,1
822,1
823,0
824,0
825,0
826,0
827,1
828,0
829,0
830,0
831,0
832,1
833,0
834,1
835,1
836,1
837,1
838,1
839,1
840,0
841,0
842,0
843,1
844,1
845,1
846,0
847,0
848,1
849,0
850,0
851,1
852,0
853,1
854,0
855,1
856,0
857,1
858,0
859,1
860,1
861,1
862,1
863,0
864,1
865,0
866,1
867,0
868,0
869,1
870,1
871,1
872,0
873,1
874,1
875,1
876,1
877,0
878,0
879,1
880,1
881,0
882,0
883,1
884,1
885,1
886,1
887,0
888,1
889,0
890,1
891,1
892,0
893,1
894,0
895,0
896,0
897,0
898,1
899,1
900,1
901,1
902,1
903,1
904,1
905,1
906,1
907,0
908,1
909,0
910,1
911,0
912,1
913,0
914,1
915,0
916,1
917,0
918,1
919,0
920,0
921,0
922,1
923,1
924,1
925,1
926,1
927,1
928,1
929,1
930,1
931,1
932,1
933,0
934,1
935,1
936,1
937,0
938,1
939,1
940,0
941,0
942,1
943,0
944,1
945,1
946,0
947,0
948,0
949,1
950,1
951,1
952,0
953,1
954,0
955,0
956,1
957,1
958,0
959,0
960,1
961,0
962,0
963,0
964,1
965,0
966,0
967,1
968,0
969,1
970,0
971,1
972,1
973,1
974,0
975,1
976,1
977,0
978,1
979,0
980,1
981,1
982,1
983,0
984,1
985,0
986,1
987,0
988,1
989,1
990,0
991,0
992,1
993,1
994,1
995,1
996,0
997,0
998,0
999,1
1000,1
1001,0
1002,1
1003,1
1004,0
1005,1
1006,0
1007,0
1008,1
1009,0
1010,1
1011,0
1012,0
1013,1
1014,0
1015,0
1016,1
1017,0
1018,0
1019,0
1020,1
1021,0
1022,1
1023,1
1024,1
1025,0
1026,1
1027,1
1028,0
1029,0
1030,1
1031,1
1032,0
1033,0
1034,0
1035,1
1036,1
1037,1
1038,1
1039,1
1040,0
1041,0
1042,0
1043,0
1044,0
1045,1
1046,1
1047,1
1048,0
1049,1
1050,0
1051,1
1052,1
1053,0
1054,0
1055,1
1056,1
1057,0
1058,0
1059,1
1060,1
1061,1
1062,0
1063,1
1064,1
1065,0
1066,0
1067,0
1068,1
1069,1
1070,0
1071,1
1072,0
1073,0
1074,1
1075,1
1076,0
1077,0
1078,1
1079,1
1080,1
1081,1
1082,1
1083,1
1084,1
1085,0
1086,1
1087,1
1088,1
1089,0
1090,1
1091,1
1092,0
1093,1
1094,1
1095,1
1096,1
1097,1
1098,1
1099,0
1100,0
1101,1
1102,1
1103,0
1104,1
1105,0
1106,1
1107,1
1108,1
1109,1
1110,0
1111,1
1112,0
1113,1
1114,1
1115,1
1116,1
1117,0
1118,1
1119,0
1120,0
1121,1
1122,1
1123,1
1124,0
1125,1
1126,1
1127,1
1128,1
1129,0
1130,0
1131,0
1132,1
1133,1
1134,1
1135,0
1136,0
1137,0
1138,0
1139,0
1140,1
1141,1
1142,0
1143,0
1144,1
1145,1
1146,1
1147,0
1148,0
1149,0
1150,1
1151,0
1152,0
1153,0
1154,1
1155,1
1156,1
1157,0
1158,0
1159,0
1160,1
1161,0
1162,1
1163,0
1164,1
1165,1
1166,0
1167,0
1168,0
1169,0
1170,1
1171,0
1172,1
1173,0
1174,1
1175,1
1176,0
1177,1
1178,0
1179,1
1180,1
1181,1
1182,1
1183,0
1184,0
1185,0
1186,1
1187,0
1188,0
1189,0
1190,1
1191,1
1192,1
1193,1
1194,0
1195,1
1196,1
1197,1
1198,1
1199,1
1200,0
1201,0
1202,0
1203,0
1204,1
1205,1
1206,1
1207,1
1208,0
1209,0
1210,0
1211,0
1212,1
1213,1
1214,1
1215,1
1216,0
1217,0
1218,1
1219,0
1220,0
1221,1
1222,0
1223,0
1224,1
1225,1
1226,1
1227,1
1228,1
1229,1
1230,1
1231,1
1232,1
1233,0
1234,1
1235,1
1236,0
1237,1
1238,1
1239,0
1240,1
1241,0
1242,0
1243,1
1244,0
1245,0
1246,1
1247,0
1248,0
1249,1
1250,0
1251,0
1252,1
1253,0
1254,1
1255,1
1256,0
1257,1
1258,0
1259,0
1260,1
1261,0
1262,1
1263,0
1264,0
1265,0
1266,0
1267,0
1268,1
1269,1
1270,0
1271,0
1272,0
1273,1
1274,1
1275,1
1276,0
1277,1
1278,0
1279,0
1280,1
1281,0
1282,0
1283,1
1284,0
1285,1
1286,1
1287,1
1288,0
1289,1
1290,0
1291,0
1292,0
1293,1
1294,0
1295,1
1296,0
1297,1
1298,1
1299,1
1300,0
1301,0
1302,1
1303,1
1304,1
1305,1
1306,0
1307,1
1308,0
1309,0
1310,0
1311,1
1312,0
1313,1
1314,1
1315,0
1316,1
1317,1
1318,0
1319,1
1320,0
1321,1
1322,0
1323,1
1324,0
1325,0
1326,1
1327,0
1328,0
1329,1
1330,1
1331,1
1332,0
1333,1
1334,1
1335,1
1336,1
1337,0
1338,1
1339,0
1340,1
1341,0
1342,0
1343,1
1344,0
1345,1
1346,1
1347,1
1348,1
1349,1
1350,1
1351,1
1352,0
1353,0
1354,1
1355,1
1356,0
1357,1
1358,0
1359,1
1360,0
1361,1
1362,0
1363,0
1364,1
1365,0
1366,0
1367,1
1368,1
1369,1
1370,0
1371,0
1372,0
1373,0
1374,1
1375,1
1376,1
1377,1
1378,1
1379,1
1380,0
1381,0
1382,0
1383,1
1384,0
1385,1
1386,1
1387,1
1388,1
1389,0
1390,0
1391,1
1392,0
1393,1
1394,1
1395,1
1396,1
1397,1
1398,0
1399,0
1400,1
1401,1
1402,0
1403,1
1404,1
1405,0
1406,0
1407,1
1408,1
1409,0
1410,1
1411,0
1412,0
1413,0
1414,1
1415,1
1416,0
1417,1
1418,1
1419,1
1420,0
1421,1
1422,0
1423,0
1424,1
1425,0
1426,0
1427,1
1428,1
1429,1
1430,1
1431,0
1432,0
1433,1
1434,1
1435,0
1436,0
1437,1
1438,1
1439,1
1440,0
1441,0
1442,1
1443,0
1444,1
1445,1
1446,1
1447,0
1448,0
1449,0
1450,0
1451,0
1452,1
1453,0
1454,1
1455,1
1456,0
1457,0
1458,0
1459,0
1460,1
1461,0
1462,1
1463,1
1464,1
1465,0
1466,1
1467,1
1468,1
1469,0
1470,1
1471,0
1472,0
1473,0
1474,1
1475,0
1476,1
1477,1
1478,1
1479,1
1480,0
1481,0
1482,1
1483,0
1484,1
1485,1
1486,1
1487,1
1488,0
1489,0
1490,0
1491,1
1492,1
1493,0
1494,1
1495,1
1496,1
1497,1
1498,1
1499,1
1500,0
1501,0
1502,1
1503,0
1504,0
1505,0
1506,0
1507,0
1508,1
1509,0
1510,0
1511,1
1512,1
1513,1
1514,1
1515,0
1516,0
1517,0
1518,0
1519,1
1520,0
1521,1
1522,1
1523,0
1524,1
1525,0
1526,1
1527,0
1528,1
1529,0
1530,0
1531,1
1532,1
1533,1
1534,1
1535,0
1536,0
1537,0
1538,1
1539,1
1540,1
1541,1
1542,1
1543,1
1544,0
1545,1
1546,1
1547,1
1548,1
1549,0
1550,0
1551,1
1552,0
1553,0
1554,1
1555,0
1556,0
1557,1
1558,0
1559,1
1560,1
1561,0
1562,0
1563,1
1564,0
1565,0
1566,1
1567,1
1568,1
1569,0
1570,0
1571,0
1572,0
1573,1
1574,1
1575,1
1576,0
1577,0
1578,0
1579,1
1580,0
1581,0
1582,0
1583,1
1584,0
1585,0
1586,1
1587,1
1588,1
1589,1
1590,0
1591,1
1592,0
1593,0
1594,0
1595,1
1596,0
1597,1
1598,0
1599,1
1600,0
1601,1
1602,1
1603,0
1604,1
1605,0
1606,0
1607,1
1608,1
1609,1
1610,0
1611,0
1612,1
1613,0
1614,0
1615,0
1616,0
1617,0
1618,0
1619,0
1620,0
1621,1
1622,1
1623,1
1624,1
1625,1
1626,0
1627,1
1628,1
1629,1
1630,0
1631,0
1632,1
1633,0
1634,0
1635,0
1636,0
1637,1
1638,1
1639,0
1640,0
1641,1
1642,1
1643,0
1644,0
1645,0
1646,1
1647,0
1648,0
1649,1
1650,0
1651,1
1652,0
1653,0
1654,0
1655,1
1656,0
1657,0
1658,1
1659,1
1660,0
1661,1
1662,1
1663,0
1664,0
1665,1
1666,1
1667,1
1668,0
1669,1
1670,1
1671,0
1672,1
1673,1
1674,1
1675,1
1676,1
1677,0
1678,1
1679,0
1680,1
1681,1
1682,1
1683,1
1684,0
1685,1
1686,1
1687,1
1688,1
1689,0
1690,1
1691,0
1692,0
1693,0
1694,0
1695,1
1696,0
1697,1
1698,0
1699,0
1700,0
1701,1
1702,0
1703,1
1704,1
1705,1
1706,0
1707,0
1708,1
1709,0
1710,1
1711,1
1712,0
1713,1
1714,0
1715,0
1716,1
1717,1
1718,1
1719,0
1720,1
1721,1
1722,0
1723,0
1724,1
1725,1
1726,0
1727,0
1728,0
1729,1
1730,1
1731,0
1732,1
1733,0
1734,1
1735,1
1736,0
1737,1
1738,0
1739,1
1740,1
1741,0
1742,1
1743,0
1744,0
1745,1
1746,0
1747,0
1748,0
1749,1
1750,1
1751,0
1752,1
1753,1
1754,0
1755,1
1756,0
1757,0
1758,1
1759,0
1760,1
1761,0
1762,1
1763,1
1764,0
1765,1
1766,0
1767,1
1768,1
1769,1
1770,1
1771,1
1772,1
1773,1
1774,1
1775,1
1776,1
1777,1
1778,0
1779,1
1780,1
1781,1
1782,1
1783,1
1784,0
1785,0
1786,1
1787,0
1788,0
1789,0
1790,1
1791,1
1792,0
1793,1
1794,1
1795,1
1796,0
1797,1
1798,1
1799,1
1800,1
1801,1
1802,0
1803,1
1804,1
1805,1
1806,1
1807,0
1808,1
1809,0
1810,0
1811,0
1812,0
1813,1
1814,0
1815,1
1816,0
1817,0
1818,1
1819,1
1820,0
1821,0
1822,1
1823,1
1824,0
1825,1
1826,0
1827,1
1828,1
1829,1
1830,0
1831,1
1832,1
1833,1
1834,0
1835,0
1836,0
1837,0
1838,1
1839,1
1840,1
1841,0
1842,1
1843,1
1844,1
1845,0
1846,0
1847,1
1848,1
1849,1
1850,0
1851,0
1852,1
1853,0
1854,1
1855,0
1856,0
1857,1
1858,1
1859,0
1860,1
1861,1
1862,1
1863,1
1864,0
1865,0
1866,1
1867,1
1868,1
1869,1
1870,1
1871,0
1872,1
1873,0
1874,0
1875,0
1876,0
1877,0
1878,0
1879,0
1880,1
1881,0
1882,0
1883,0
1884,1
1885,1
1886,0
1887,1
1888,1
1889,0
1890,1
1891,1
1892,0
1893,1
1894,1
1895,1
1896,0
1897,0
1898,0
1899,1
1900,0
1901,0
1902,0
1903,1
1904,1
1905,0
1906,1
1907,1
1908,1
1909,0
1910,1
1911,1
1912,1
1913,1
1914,1
1915,0
1916,0
1917,1
1918,0
1919,0
1920,1
1921,1
1922,1
1923,0
1924,0
1925,0
1926,0
1927,0
1928,0
1929,1
1930,0
1931,1
1932,0
1933,0
1934,0
1935,0
1936,1
1937,0
1938,1
1939,1
1940,1
1941,0
1942,0
1943,1
1944,0
1945,0
1946,0
1947,1
1948,0
1949,1
1950,0
1951,1
1952,0
1953,0
1954,0
1955,0
1956,0
1957,1
1958,0
1959,1
1960,0
1961,0
1962,0
1963,1
1964,0
1965,0
1966,0
1967,0
1968,0
1969,0
1970,1
1971,1
1972,0
1973,1
1974,0
1975,1
1976,0
1977,0
1978,0
1979,0
1980,1
1981,0
1982,0
1983,1
1984,0
1985,0
1986,1
1987,1
1988,1
1989,1
1990,1
1991,1
1992,0
1993,0
1994,0
1995,0
1996,1
1997,0
1998,0
1999,1
2000,1
2001,1
2002,0
2003,0
2004,0
2005,1
2006,1
2007,0
2008,0
2009,0
2010,0
2011,1
2012,0
2013,1
2014,0
2015,0
2016,1
2017,0
2018,0
2019,1
2020,1
2021,0
2022,0
2023,1
2024,0
2025,1
2026,1
2027,0
2028,0
2029,0
2030,0
2031,0
2032,0
2033,1
2034,1
2035,1
2036,1
2037,1
2038,0
2039,1
2040,1
2041,1
2042,1
2043,1
2044,0
2045,0
2046,0
2047,1
2048,0
2049,1
2050,1
2051,0
2052,0
2053,0
2054,0
2055,0
2056,1
2057,1
2058,1
2059,1
2060,0
2061,0
2062,1
2063,0
2064,1
2065,0
2066,1
2067,0
2068,1
2069,1
2070,1
2071,1
2072,1
2073,1
2074,0
2075,0
2076,0
2077,1
2078,0
2079,0
2080,0
2081,1
2082,1
2083,1
2084,1
2085,0
2086,0
2087,0
2088,1
2089,1
2090,0
2091,1
2092,1
2093,1
2094,1
2095,0
2096,1
2097,1
2098,0
2099,1
2100,1
2101,1
2102,0
2103,1
2104,1
2105,1
2106,1
2107,0
2108,0
2109,0
2110,1
2111,1
2112,1
2113,0
2114,0
2115,1
2116,1
2117,1
2118,0
2119,1
2120,0
2121,1
2122,1
2123,1
2124,1
2125,1
2126,1
2127,1
2128,0
2129,1
2130,1
2131,0
2132,0
2133,0
2134,0
2135,0
2136,0
2137,1
2138,1
2139,0
2140,0
2141,0
2142,0
2143,1
2144,1
2145,0
2146,0
2147,1
2148,1
2149,0
2150,1
2151,1
2152,1
2153,0
2154,1
2155,1
2156,1
2157,0
2158,1
2159,0
2160,0
2161,1
2162,1
2163,0
2164,0
2165,0
2166,1
2167,1
2168,1
2169,1
2170,0
2171,0
2172,1
2173,1
2174,1
2175,1
2176,1
2177,0
2178,0
2179,1
2180,1
2181,1
2182,1
2183,1
2184,0
2185,0
2186,0
2187,1
2188,0
2189,1
2190,0
2191,0
2192,1
2193,1
2194,1
2195,1
2196,1
2197,1
2198,1
2199,1
2200,1
2201,0
2202,1
2203,1
2204,0
2205,1
2206,0
2207,1
2208,0
2209,0
2210,0
2211,0
2212,0
2213,1
2214,0
2215,0
2216,1
2217,1
2218,1
2219,1
2220,1
2221,1
2222,1
2223,0
2224,0
2225,1
2226,1
2227,0
2228,0
2229,1
2230,0
2231,1
2232,0
2233,0
2234,1
2235,1
2236,0
2237,1
2238,1
2239,1
2240,1
2241,1
2242,1
2243,1
2244,0
2245,0
2246,0
2247,1
2248,0
2249,1
2250,0
2251,0
2252,1
2253,0
2254,0
2255,0
2256,0
2257,1
2258,0
2259,1
2260,1
2261,1
2262,0
2263,0
2264,0
2265,1
2266,1
2267,1
2268,0
2269,1
2270,1
2271,1
2272,1
2273,0
2274,0
2275,0
2276,1
2277,1
2278,0
2279,1
2280,1
2281,0
2282,1
2283,0
2284,0
2285,1
2286,1
2287,1
2288,0
2289,1
2290,1
2291,1
2292,1
2293,1
2294,1
2295,1
2296,1
2297,1
2298,0
2299,0
2300,0
2301,0
2302,0
2303,1
2304,1
2305,0
2306,0
2307,1
2308,1
2309,0
2310,0
2311,0
2312,1
2313,0
2314,1
2315,1
2316,1
2317,0
2318,1
2319,0
2320,1
2321,0
2322,0
2323,1
2324,0
2325,1
2326,1
2327,1
2328,1
2329,0
2330,1
2331,1
2332,1
2333,0
2334,0
2335,0
2336,1
2337,0
2338,1
2339,1
2340,1
2341,0
2342,0
2343,1
2344,0
2345,1
2346,1
2347,1
2348,1
2349,1
2350,1
2351,1
2352,1
2353,0
2354,1
2355,0
2356,1
2357,0
2358,0
2359,1
2360,0
2361,0
2362,1
2363,0
2364,0
2365,1
2366,0
2367,1
2368,0
2369,0
2370,1
2371,1
2372,1
2373,1
2374,1
2375,1
2376,0
2377,1
2378,1
2379,1
2380,1
2381,1
2382,1
2383,0
2384,1
2385,1
2386,0
2387,1
2388,1
2389,1
2390,0
2391,1
2392,0
2393,0
2394,1
2395,1
2396,1
2397,1
2398,0
2399,0
2400,0
2401,1
2402,1
2403,1
2404,1
2405,1
2406,1
2407,1
2408,0
2409,0
2410,0
2411,0
2412,1
2413,0
2414,0
2415,1
2416,0
2417,1
2418,0
2419,0
2420,1
2421,1
2422,1
2423,0
2424,1
2425,0
2426,0
2427,1
2428,1
2429,1
2430,0
2431,0
2432,1
2433,1
2434,0
2435,1
2436,0
2437,0
2438,1
2439,1
2440,1
2441,1
2442,1
2443,0
2444,1
2445,1
2446,0
2447,1
2448,1
2449,1
2450,0
2451,0
2452,0
2453,0
2454,1
2455,1
2456,0
2457,1
2458,0
2459,0
2460,1
2461,1
2462,0
2463,1
2464,1
2465,0
2466,0
2467,1
2468,0
2469,0
2470,1
2471,1
2472,0
2473,0
2474,1
2475,1
2476,1
2477,0
2478,0
2479,0
2480,0
2481,0
2482,0
2483,1
2484,0
2485,0
2486,0
2487,0
2488,0
2489,0
2490,0
2491,1
2492,0
2493,0
2494,1
2495,0
2496,1
2497,1
2498,0
2499,1
2500,0
2501,1
2502,1
2503,0
2504,0
2505,1
2506,1
2507,1
2508,1
2509,1
2510,0
2511,1
2512,1
2513,1
2514,1
2515,0
2516,0
2517,0
2518,1
2519,1
2520,0
2521,1
2522,1
2523,1
2524,1
2525,1
2526,1
2527,0
2528,0
2529,0
2530,0
2531,1
2532,1
2533,0
2534,1
2535,0
2536,1
2537,1
2538,1
2539,1
2540,1
2541,1
2542,1
2543,0
2544,1
2545,0
2546,1
2547,0
2548,0
2549,1
2550,1
2551,0
2552,1
2553,0
2554,0
2555,1
2556,1
2557,1
2558,0
2559,1
2560,1
2561,0
2562,1
2563,0
2564,0
2565,1
2566,0
2567,1
2568,0
2569,1
2570,1
2571,0
2572,1
2573,1
2574,0
2575,1
2576,1
2577,0
2578,1
2579,1
2580,1
2581,1
2582,1
2583,1
2584,1
2585,1
2586,1
2587,0
2588,1
2589,0
2590,1
2591,1
2592,1
2593,0
2594,1
2595,0
2596,0
2597,1
2598,0
2599,1
2600,1
2601,0
2602,1
2603,1
2604,0
2605,0
2606,0
2607,1
2608,1
2609,1
2610,0
2611,1
2612,1
2613,1
2614,1
2615,1
2616,1
2617,1
2618,1
2619,1
2620,1
2621,1
2622,1
2623,1
2624,0
2625,0
2626,1
2627,1
2628,0
2629,1
2630,1
2631,1
2632,1
2633,0
2634,1
2635,0
2636,0
2637,0
2638,1
2639,0
2640,0
2641,0
2642,1
2643,0
2644,1
2645,1
2646,0
2647,1
2648,0
2649,1
2650,1
2651,1
2652,0
2653,1
2654,1
2655,1
2656,0
2657,1
2658,0
2659,0
2660,1
2661,0
2662,1
2663,0
2664,0
2665,0
2666,1
2667,0
2668,1
2669,1
2670,0
2671,1
2672,0
2673,1
2674,1
2675,0
2676,1
2677,1
2678,0
2679,1
2680,0
2681,1
2682,0
2683,1
2684,0
2685,1
2686,0
2687,1
2688,1
2689,0
2690,0
2691,0
2692,0
2693,0
2694,0
2695,1
2696,1
2697,1
2698,1
2699,1
2700,1
2701,1
2702,0
2703,0
2704,0
2705,1
2706,0
2707,1
2708,0
2709,1
2710,0
2711,1
2712,1
2713,1
2714,0
2715,0
2716,1
2717,0
2718,0
2719,0
2720,0
2721,0
2722,1
2723,0
2724,1
2725,0
2726,1
2727,1
2728,0
2729,1
2730,0
2731,1
2732,1
2733,0
2734,1
2735,1
2736,0
2737,0
2738,0
2739,1
2740,1
2741,0
2742,1
2743,1
2744,0
2745,1
2746,1
2747,1
2748,0
2749,1
2750,1
2751,0
2752,0
2753,0
2754,1
2755,0
2756,1
2757,0
2758,1
2759,0
2760,0
2761,0
2762,1
2763,0
2764,0
2765,0
2766,1
2767,0
2768,1
2769,1
2770,1
2771,1
2772,1
2773,0
2774,1
2775,1
2776,1
2777,0
2778,1
2779,0
2780,1
2781,1
2782,0
2783,0
2784,1
2785,0
2786,1
2787,1
2788,1
2789,1
2790,1
2791,0
2792,0
2793,0
2794,1
2795,0
2796,0
2797,1
2798,1
2799,0
2800,1
2801,0
2802,1
2803,0
2804,1
2805,1
2806,1
2807,0
2808,0
2809,0
2810,1
2811,1
2812,1
2813,0
2814,0
2815,1
2816,0
2817,1
2818,0
2819,1
2820,0
2821,1
2822,1
2823,0
2824,1
2825,1
2826,1
2827,0
2828,1
2829,0
2830,1
2831,0
2832,1
2833,1
2834,0
2835,0
2836,1
2837,0
2838,1
2839,1
2840,0
2841,0
2842,1
2843,1
2844,1
2845,1
2846,0
2847,1
2848,0
2849,0
2850,1
2851,0
2852,1
2853,1
2854,1
2855,0
2856,0
2857,0
2858,1
2859,0
2860,1
2861,1
2862,0
2863,1
2864,1
2865,1
2866,1
2867,1
2868,1
2869,1
2870,0
2871,1
2872,1
2873,0
2874,1
2875,1
2876,0
2877,1
2878,1
2879,1
2880,0
2881,1
2882,1
2883,0
2884,1
2885,0
2886,1
2887,1
2888,0
2889,0
2890,1
2891,0
2892,1
2893,0
2894,1
2895,1
2896,1
2897,0
2898,0
2899,1
2900,1
2901,0
2902,0
2903,0
2904,1
2905,0
2906,1
2907,0
2908,0
2909,0
2910,0
2911,0
2912,0
2913,0
2914,0
2915,1
2916,1
2917,1
2918,0
2919,0
2920,0
2921,1
2922,0
2923,0
2924,1
2925,1
2926,1
2927,0
2928,1
2929,0
2930,0
2931,1
2932,0
2933,0
2934,0
2935,1
2936,1
2937,0
2938,0
2939,1
2940,0
2941,1
2942,1
2943,1
2944,0
2945,1
2946,1
2947,1
2948,0
2949,1
2950,1
2951,0
2952,0
2953,1
2954,0
2955,0
2956,1
2957,1
2958,0
2959,0
2960,1
2961,0
2962,0
2963,1
2964,0
2965,1
2966,1
2967,0
2968,0
2969,0
2970,0
2971,1
2972,0
2973,1
2974,1
2975,1
2976,0
2977,0
2978,1
2979,0
2980,1
2981,1
2982,1
2983,0
2984,1
2985,1
2986,0
2987,1
2988,1
2989,0
2990,0
2991,1
2992,1
2993,0
2994,1
2995,1
2996,0
2997,0
2998,0
2999,1
3000,1
3001,1
3002,1
3003,1
3004,1
3005,1
3006,0
3007,1
3008,1
3009,0
3010,1
3011,0
3012,1
3013,1
3014,1
3015,0
3016,0
3017,0
3018,1
3019,0
3020,0
3021,0
3022,1
3023,0
3024,1
3025,0
3026,0
3027,0
3028,1
3029,0
3030,1
3031,1
3032,0
3033,0
3034,1
3035,0
3036,1
3037,0
3038,1
3039,0
3040,1
3041,1
3042,1
3043,1
3044,1
3045,1
3046,1
3047,1
3048,1
3049,0
3050,0
3051,0
3052,1
3053,0
3054,1
3055,0
3056,1
3057,0
3058,0
3059,1
3060,0
3061,0
3062,0
3063,1
3064,0
3065,0
3066,1
3067,0
3068,1
3069,0
3070,0
3071,0
3072,1
3073,1
3074,0
3075,1
3076,1
3077,0
3078,1
3079,0
3080,1
3081,0
3082,1
3083,1
3084,0
3085,1
3086,1
3087,1
3088,1
3089,1
3090,0
3091,1
3092,0
3093,0
3094,0
3095,1
3096,1
3097,1
3098,0
3099,1
3100,0
3101,0
3102,1
3103,1
3104,1
3105,1
3106,0
3107,0
3108,0
3109,1
3110,0
3111,0
3112,0
3113,0
3114,1
3115,0
3116,1
3117,0
3118,1
3119,0
3120,0
3121,1
3122,0
3123,1
3124,0
3125,0
3126,1
3127,1
3128,0
3129,1
3130,1
3131,0
3132,1
3133,1
3134,0
3135,0
3136,0
3137,0
3138,0
3139,1
3140,0
3141,0
3142,0
3143,0
3144,1
3145,1
3146,1
3147,1
3148,0
3149,0
3150,0
3151,1
3152,1
3153,1
3154,1
3155,1
3156,0
3157,0
3158,1
3159,1
3160,0
3161,1
3162,0
3163,0
3164,0
3165,1
3166,1
3167,1
3168,1
3169,1
3170,1
3171,0
3172,1
3173,1
3174,1
3175,0
3176,0
3177,1
3178,0
3179,1
3180,1
3181,0
3182,0
3183,0
3184,1
3185,0
3186,0
3187,1
3188,1
3189,1
3190,1
3191,1
3192,1
3193,1
3194,0
3195,1
3196,1
3197,1
3198,1
3199,0
3200,0
3201,1
3202,1
3203,1
3204,1
3205,1
3206,0
3207,1
3208,1
3209,0
3210,0
3211,0
3212,1
3213,1
3214,0
3215,1
3216,1
3217,1
3218,0
3219,0
3220,1
3221,0
3222,1
3223,0
3224,1
3225,1
3226,0
3227,1
3228,1
3229,0
3230,1
3231,0
3232,0
3233,0
3234,1
3235,1
3236,1
3237,1
3238,1
3239,1
3240,1
3241,1
3242,0
3243,0
3244,1
3245,1
3246,1
3247,1
3248,1
3249,1
3250,0
3251,1
3252,0
3253,0
3254,0
3255,0
3256,0
3257,0
3258,1
3259,1
3260,1
3261,0
3262,1
3263,0
3264,0
3265,1
3266,0
3267,1
3268,1
3269,1
3270,0
3271,0
3272,1
3273,1
3274,1
3275,1
3276,0
3277,1
3278,0
3279,1
3280,1
3281,0
3282,0
3283,1
3284,1
3285,0
3286,0
3287,0
3288,1
3289,1
3290,0
3291,0
3292,0
3293,1
3294,0
3295,0
3296,1
3297,1
3298,0
3299,0
3300,0
3301,1
3302,0
3303,1
3304,0
3305,1
3306,1
3307,1
3308,1
3309,1
3310,1
3311,0
3312,0
3313,0
3314,0
3315,1
3316,0
3317,0
3318,1
3319,0
3320,1
3321,1
3322,0
3323,1
3324,0
3325,0
3326,0
3327,0
3328,1
3329,1
3330,0
3331,1
3332,0
3333,1
3334,1
3335,1
3336,0
3337,0
3338,0
3339,1
3340,1
3341,0
3342,0
3343,1
3344,0
3345,1
3346,0
3347,0
3348,0
3349,0
3350,0
3351,0
3352,1
3353,1
3354,0
3355,1
3356,0
3357,0
3358,1
3359,0
3360,1
3361,0
3362,0
3363,1
3364,0
3365,0
3366,0
3367,0
3368,1
3369,1
3370,0
3371,0
3372,1
3373,0
3374,0
3375,0
3376,1
3377,1
3378,0
3379,0
3380,0
3381,0
3382,0
3383,1
3384,0
3385,0
3386,0
3387,1
3388,1
3389,0
3390,1
3391,1
3392,0
3393,0
3394,1
3395,0
3396,1
3397,1
3398,1
3399,1
3400,0
3401,1
3402,1
3403,1
3404,1
3405,0
3406,1
3407,0
3408,1
3409,0
3410,0
3411,1
3412,1
3413,0
3414,1
3415,1
3416,1
3417,1
3418,1
3419,0
3420,1
3421,1
3422,0
3423,1
3424,0
3425,0
3426,0
3427,1
3428,1
3429,1
3430,1
3431,0
3432,0
3433,1
3434,0
3435,1
3436,0
3437,1
3438,0
3439,0
3440,1
3441,0
3442,1
3443,1
3444,1
3445,0
3446,1
3447,0
3448,0
3449,0
3450,0
3451,0
3452,1
3453,0
3454,1
3455,0
3456,1
3457,1
3458,0
3459,1
3460,0
3461,0
3462,1
3463,1
3464,1
3465,0
3466,0
3467,0
3468,0
3469,0
3470,1
3471,0
3472,1
3473,0
3474,1
3475,1
3476,1
3477,0
3478,1
3479,0
3480,1
3481,1
3482,1
3483,1
3484,0
3485,0
3486,1
3487,1
3488,0
3489,0
3490,1
3491,0
3492,0
3493,0
3494,1
3495,1
3496,1
3497,1
3498,0
3499,1
3500,1
3501,1
3502,1
3503,1
3504,1
3505,0
3506,1
3507,0
3508,0
3509,0
3510,0
3511,1
3512,0
3513,1
3514,1
3515,1
3516,1
3517,1
3518,1
3519,1
3520,0
3521,1
3522,1
3523,1
3524,0
3525,0
3526,1
3527,1
3528,1
3529,0
3530,1
3531,1
3532,1
3533,1
3534,0
3535,1
3536,0
3537,1
3538,0
3539,1
3540,0
3541,1
3542,1
3543,0
3544,1
3545,0
3546,1
3547,1
3548,0
3549,1
3550,0
3551,1
3552,1
3553,0
3554,0
3555,0
3556,0
3557,1
3558,0
3559,0
3560,1
3561,0
3562,0
3563,1
3564,0
3565,0
3566,0
3567,0
3568,0
3569,0
3570,0
3571,1
3572,1
3573,1
3574,0
3575,0
3576,0
3577,1
3578,1
3579,0
3580,0
3581,0
3582,1
3583,0
3584,1
3585,1
3586,0
3587,1
3588,0
3589,0
3590,1
3591,0
3592,0
3593,1
3594,1
3595,1
3596,0
3597,1
3598,1
3599,1
3600,0
3601,0
3602,0
3603,0
3604,0
3605,0
3606,1
3607,1
3608,1
3609,0
3610,1
3611,0
3612,1
3613,0
3614,0
3615,0
3616,0
3617,1
3618,0
3619,0
3620,0
3621,0
3622,1
3623,1
3624,0
3625,0
3626,0
3627,1
3628,1
3629,1
3630,1
3631,0
3632,1
3633,0
3634,1
3635,1
3636,1
3637,0
3638,0
3639,0
3640,1
3641,1
3642,0
3643,1
3644,0
3645,0
3646,0
3647,1
3648,0
3649,1
3650,1
3651,1
3652,0
3653,0
3654,0
3655,0
3656,0
3657,0
3658,0
3659,0
3660,1
3661,0
3662,0
3663,0
3664,0
3665,1
3666,0
3667,0
3668,1
3669,1
3670,1
3671,0
3672,1
3673,0
3674,1
3675,0
3676,0
3677,0
3678,0
3679,0
3680,0
3681,1
3682,1
3683,1
3684,1
3685,1
3686,0
3687,0
3688,0
3689,0
3690,0
3691,1
3692,1
3693,0
3694,0
3695,0
3696,1
3697,0
3698,1
3699,1
3700,0
3701,0
3702,0
3703,1
3704,1
3705,0
3706,1
3707,1
3708,0
3709,0
3710,0
3711,0
3712,1
3713,1
3714,0
3715,1
3716,1
3717,1
3718,0
3719,1
3720,0
3721,1
3722,0
3723,0
3724,0
3725,0
3726,1
3727,0
3728,1
3729,1
3730,1
3731,1
3732,1
3733,1
3734,1
3735,1
3736,0
3737,1
3738,1
3739,1
3740,0
3741,1
3742,0
3743,0
3744,0
3745,0
3746,1
3747,1
3748,1
3749,0
3750,0
3751,0
3752,1
3753,1
3754,0
3755,0
3756,0
3757,1
3758,0
3759,0
3760,0
3761,0
3762,1
3763,1
3764,0
3765,1
3766,0
3767,0
3768,1
3769,1
3770,1
3771,0
3772,1
3773,1
3774,1
3775,0
3776,1
3777,0
3778,1
3779,1
3780,0
3781,1
3782,0
3783,0
3784,0
3785,1
3786,1
3787,1
3788,1
3789,1
3790,0
3791,1
3792,0
3793,0
3794,1
3795,1
3796,1
3797,0
3798,1
3799,1
3800,0
3801,0
3802,0
3803,0
3804,0
3805,0
3806,1
3807,1
3808,0
3809,0
3810,1
3811,0
3812,1
3813,1
3814,0
3815,0
3816,0
3817,0
3818,0
3819,0
3820,1
3821,1
3822,1
3823,0
3824,1
3825,1
3826,0
3827,1
3828,0
3829,1
3830,1
3831,1
3832,1
3833,1
3834,0
3835,1
3836,0
3837,1
3838,1
3839,0
3840,1
3841,0
3842,0
3843,1
3844,0
3845,1
3846,0
3847,1
3848,0
3849,0
3850,1
3851,1
3852,1
3853,0
3854,0
3855,1
3856,1
3857,1
3858,0
3859,0
3860,1
3861,1
3862,1
3863,1
3864,0
3865,1
3866,1
3867,0
3868,1
3869,1
3870,1
3871,0
3872,0
3873,1
3874,0
3875,1
3876,0
3877,0
3878,1
3879,1
3880,0
3881,1
3882,1
3883,0
3884,0
3885,1
3886,1
3887,0
3888,0
3889,1
3890,0
3891,1
3892,1
3893,0
3894,0
3895,1
3896,1
3897,0
3898,1
3899,1
3900,0
3901,1
3902,1
3903,1
3904,0
3905,1
3906,1
3907,1
3908,1
3909,0
3910,0
3911,1
3912,0
3913,1
3914,1
3915,0
3916,0
3917,1
3918,1
3919,0
3920,1
3921,1
3922,0
3923,0
3924,1
3925,0
3926,1
3927,0
3928,1
3929,1
3930,0
3931,1
3932,1
3933,0
3934,1
3935,1
3936,0
3937,0
3938,1
3939,0
3940,0
3941,1
3942,1
3943,0
3944,1
3945,1
3946,1
3947,0
3948,1
3949,0
3950,1
3951,0
3952,1
3953,0
3954,1
3955,0
3956,0
3957,0
3958,0
3959,1
3960,1
3961,1
3962,1
3963,0
3964,0
3965,1
3966,0
3967,1
3968,0
3969,1
3970,0
3971,0
3972,0
3973,0
3974,1
3975,1
3976,0
3977,0
3978,1
3979,0
3980,1
3981,0
3982,0
3983,0
3984,1
3985,0
3986,0
3987,1
3988,0
3989,0
3990,0
3991,1
3992,0
3993,1
3994,0
3995,0
3996,1
3997,0
3998,0
3999,1
4000,0
4001,1
4002,1
4003,1
4004,0
4005,1
4006,1
4007,1
4008,1
4009,0
4010,0
4011,0
4012,1
4013,0
4014,0
4015,1
4016,0
4017,1
4018,0
4019,0
4020,0
4021,1
4022,1
4023,1
4024,0
4025,1
4026,1
4027,0
4028,0
4029,0
4030,1
4031,1
4032,0
4033,1
4034,1
4035,0
4036,0
4037,1
4038,1
4039,1
4040,0
4041,1
4042,0
4043,1
4044,1
4045,1
4046,1
4047,1
4048,0
4049,0
4050,0
4051,0
4052,1
4053,0
4054,1
4055,1
4056,0
4057,1
4058,0
4059,1
4060,1
4061,0
4062,0
4063,1
4064,1
4065,1
4066,1
4067,0
4068,1
4069,0
4070,1
4071,1
4072,0
4073,0
4074,1
4075,0
4076,0
4077,0
4078,1
4079,1
4080,1
4081,1
4082,0
4083,1
4084,0
4085,1
4086,0
4087,1
4088,0
4089,0
4090,0
4091,0
4092,0
4093,0
4094,0
4095,1
4096,1
4097,0
4098,1
4099,0
4100,1
4101,0
4102,0
4103,0
4104,0
4105,0
4106,0
4107,1
4108,0
4109,1
4110,0
4111,0
4112,0
4113,1
4114,0
4115,1
4116,1
4117,1
4118,1
4119,1
4120,0
4121,1
4122,0
4123,1
4124,1
4125,1
4126,1
4127,1
4128,0
4129,0
4130,1
4131,0
4132,0
4133,1
4134,1
4135,1
4136,1
4137,1
4138,0
4139,1
4140,1
4141,1
4142,1
4143,0
4144,1
4145,0
4146,1
4147,0
4148,0
4149,1
4150,1
4151,0
4152,1
4153,0
4154,0
4155,0
4156,0
4157,0
4158,1
4159,1
4160,1
4161,0
4162,1
4163,0
4164,1
4165,0
4166,0
4167,1
4168,0
4169,1
4170,0
4171,1
4172,1
4173,0
4174,1
4175,1
4176,1
4177,1
4178,0
4179,0
4180,1
4181,0
4182,1
4183,0
4184,0
4185,0
4186,0
4187,0
4188,1
4189,1
4190,1
4191,0
4192,0
4193,1
4194,0
4195,1
4196,1
4197,0
4198,0
4199,1
4200,1
4201,0
4202,0
4203,0
4204,0
4205,1
4206,0
4207,0
4208,0
4209,1
4210,0
4211,1
4212,1
4213,0
4214,0
4215,1
4216,1
4217,1
4218,0
4219,1
4220,0
4221,0
4222,0
4223,1
4224,0
4225,0
4226,0
4227,1
4228,1
4229,1
4230,1
4231,0
4232,1
4233,0
4234,1
4235,1
4236,0
4237,0
4238,0
4239,0
4240,0
4241,0
4242,1
4243,0
4244,0
4245,0
4246,0
4247,0
4248,1
4249,0
4250,1
4251,0
4252,1
4253,1
4254,0
4255,1
4256,0
4257,1
4258,0
4259,1
4260,0
4261,0
4262,0
4263,0
4264,1
4265,1
4266,0
4267,0
4268,1
4269,0
4270,1
4271,0
4272,1
4273,0
4274,0
4275,1
4276,1
4277,1
4278,1
4279,1
4280,0
4281,0
4282,1
4283,1
4284,0
4285,0
4286,1
4287,1
4288,0
4289,0
4290,1
4291,0
4292,0
4293,1
4294,1
4295,1
4296,1
4297,1
4298,1
4299,1
4300,0
4301,1
4302,1
4303,1
4304,1
4305,0
4306,1
4307,0
4308,1
4309,0
4310,1
4311,1
4312,1
4313,0
4314,1
4315,0
4316,0
4317,1
4318,1
4319,0
4320,1
4321,0
4322,0
4323,1
4324,0
4325,0
4326,1
4327,1
4328,0
4329,1
4330,1
4331,1
4332,0
4333,1
4334,1
4335,0
4336,0
4337,1
4338,1
4339,1
4340,0
4341,0
4342,0
4343,0
4344,1
4345,0
4346,0
4347,0
4348,0
4349,1
4350,1
4351,0
4352,0
4353,1
4354,0
4355,1
4356,0
4357,1
4358,1
4359,0
4360,0
4361,1
4362,0
4363,0
4364,1
4365,0
4366,1
4367,1
4368,0
4369,1
4370,1
4371,0
4372,0
4373,0
4374,1
4375,1
4376,1
4377,1
4378,1
4379,1
4380,1
4381,1
4382,1
4383,1
4384,1
4385,0
4386,1
4387,0
4388,0
4389,1
4390,1
4391,0
4392,1
4393,1
4394,1
4395,1
4396,1
4397,0
4398,0
4399,1
4400,0
4401,1
4402,0
4403,0
4404,1
4405,1
4406,0
4407,0
4408,0
4409,0
4410,1
4411,1
4412,1
4413,1
4414,1
4415,0
4416,1
4417,0
4418,0
4419,1
4420,0
4421,0
4422,1
4423,0
4424,0
4425,1
4426,1
4427,0
4428,1
4429,1
4430,1
4431,0
4432,1
4433,1
4434,1
4435,1
4436,1
4437,0
4438,0
4439,0
4440,0
4441,1
4442,1
4443,0
4444,0
4445,0
4446,0
4447,1
4448,1
4449,0
4450,1
4451,0
4452,0
4453,1
4454,1
4455,1
4456,0
4457,0
4458,1
4459,1
4460,0
4461,0
4462,0
4463,0
4464,1
4465,0
4466,1
4467,1
4468,1
4469,0
4470,0
4471,0
4472,1
4473,1
4474,0
4475,0
4476,1
4477,1
4478,1
4479,1
4480,1
4481,1
4482,0
4483,1
4484,1
4485,0
4486,1
4487,1
4488,0
4489,1
4490,0
4491,1
4492,0
4493,0
4494,0
4495,0
4496,0
4497,1
4498,0
4499,1
4500,1
4501,0
4502,0
4503,0
4504,1
4505,1
4506,0
4507,0
4508,1
4509,1
4510,1
4511,0
4512,0
4513,1
4514,1
4515,0
4516,1
4517,0
4518,0
4519,1
4520,1
4521,0
4522,0
4523,1
4524,1
4525,1
4526,1
4527,1
4528,0
4529,1
4530,1
4531,1
4532,1
4533,0
4534,0
4535,1
4536,0
4537,1
4538,0
4539,0
4540,1
4541,1
4542,1
4543,0
4544,0
4545,0
4546,1
4547,0
4548,1
4549,0
4550,1
4551,0
4552,1
4553,1
4554,1
4555,1
4556,1
4557,1
4558,1
4559,0
4560,1
4561,1
4562,0
4563,0
4564,0
4565,1
4566,0
4567,1
4568,1
4569,1
4570,0
4571,0
4572,1
4573,1
4574,1
4575,0
4576,0
4577,0
4578,0
4579,0
4580,0
4581,1
4582,1
4583,0
4584,0
4585,0
4586,1
4587,0
4588,1
4589,1
4590,0
4591,0
4592,0
4593,1
4594,1
4595,0
4596,1
4597,1
4598,0
4599,1
4600,1
4601,1
4602,0
4603,1
4604,0
4605,1
4606,0
4607,1
4608,1
4609,0
4610,1
4611,1
4612,0
4613,0
4614,1
4615,1
4616,1
4617,1
4618,0
4619,1
4620,1
4621,1
4622,1
4623,1
4624,1
4625,1
4626,1
4627,0
4628,1
4629,0
4630,1
4631,1
4632,1
4633,0
4634,0
4635,1
4636,1
4637,0
4638,0
4639,0
4640,0
4641,1
4642,0
4643,1
4644,1
4645,0
4646,1
4647,1
4648,0
4649,1
4650,1
4651,0
4652,1
4653,1
4654,0
4655,1
4656,0
4657,0
4658,0
4659,0
4660,1
4661,1
4662,1
4663,1
4664,1
4665,0
4666,1
4667,0
4668,0
4669,1
4670,1
4671,1
4672,0
4673,0
4674,1
4675,0
4676,0
4677,1
4678,1
4679,0
4680,1
4681,1
4682,0
4683,0
4684,1
4685,1
4686,0
4687,1
4688,1
4689,1
4690,1
4691,1
4692,1
4693,0
4694,1
4695,1
4696,1
4697,0
4698,1
4699,1
4700,1
4701,1
4702,0
4703,1
4704,1
4705,1
4706,0
4707,1
4708,0
4709,1
4710,1
4711,1
4712,1
4713,0
4714,1
4715,1
4716,1
4717,1
4718,1
4719,1
4720,1
4721,1
4722,1
4723,0
4724,0
4725,1
4726,1
4727,0
4728,1
4729,1
4730,0
4731,0
4732,0
4733,0
4734,1
4735,0
4736,1
4737,1
4738,0
4739,0
4740,0
4741,0
4742,0
4743,0
4744,1
4745,1
4746,0
4747,1
4748,1
4749,0
4750,0
4751,0
4752,1
4753,0
4754,0
4755,1
4756,0
4757,0
4758,0
4759,0
4760,1
4761,0
4762,0
4763,1
4764,1
4765,0
4766,1
4767,1
4768,0
4769,0
4770,1
4771,1
4772,1
4773,1
4774,0
4775,1
4776,0
4777,0
4778,1
4779,0
4780,1
4781,1
4782,1
4783,1
4784,0
4785,1
4786,1
4787,1
4788,1
4789,0
4790,1
4791,1
4792,1
4793,1
4794,0
4795,1
4796,1
4797,0
4798,0
4799,1
4800,1
4801,0
4802,0
4803,0
4804,1
4805,0
4806,0
4807,0
4808,0
4809,0
4810,0
4811,1
4812,1
4813,1
4814,1
4815,0
4816,1
4817,1
4818,0
4819,1
4820,1
4821,1
4822,1
4823,0
4824,0
4825,0
4826,0
4827,0
4828,1
4829,1
4830,1
4831,0
4832,1
4833,0
4834,1
4835,1
4836,1
4837,0
4838,1
4839,1
4840,0
4841,0
4842,1
4843,1
4844,0
4845,0
4846,1
4847,0
4848,0
4849,1
4850,1
4851,0
4852,0
4853,1
4854,0
4855,0
4856,1
4857,1
4858,0
4859,1
4860,1
4861,0
4862,0
4863,1
4864,0
4865,0
4866,1
4867,1
4868,1
4869,0
4870,0
4871,1
4872,1
4873,0
4874,1
4875,1
4876,1
4877,1
4878,0
4879,0
4880,1
4881,0
4882,1
4883,1
4884,1
4885,1
4886,0
4887,0
4888,1
4889,1
4890,1
4891,1
4892,0
4893,0
4894,0
4895,1
4896,1
4897,1
4898,0
4899,1
4900,0
4901,1
4902,1
4903,0
4904,0
4905,1
4906,0
4907,0
4908,0
4909,1
4910,1
4911,0
4912,1
4913,1
4914,0
4915,0
4916,1
4917,1
4918,0
4919,0
4920,0
4921,0
4922,0
4923,1
4924,1
4925,1
4926,1
4927,0
4928,1
4929,1
4930,1
4931,0
4932,1
4933,1
4934,1
4935,0
4936,1
4937,0
4938,0
4939,1
4940,1
4941,0
4942,0
4943,0
4944,1
4945,1
4946,0
4947,0
4948,1
4949,0
4950,0
4951,0
4952,0
4953,1
4954,1
4955,0
4956,0
4957,1
4958,1
4959,0
4960,1
4961,1
4962,1
4963,1
4964,0
4965,0
4966,0
4967,1
4968,1
4969,0
4970,1
4971,1
4972,1
4973,0
4974,0
4975,1
4976,0
4977,1
4978,0
4979,1
4980,0
4981,1
4982,1
4983,1
4984,1
4985,0
4986,0
4987,0
4988,0
4989,1
4990,0
4991,1
4992,1
4993,0
4994,1
4995,1
4996,1
4997,0
4998,0
4999,1
5000,0
5001,1
5002,1
5003,1
5004,0
5005,0
5006,1
5007,1
5008,0
5009,1
5010,0
5011,0
5012,0
5013,1
5014,1
5015,0
5016,1
5017,0
5018,1
5019,1
5020,0
5021,1
5022,0
5023,1
5024,1
5025,0
5026,0
5027,1
5028,1
5029,0
5030,0
5031,0
5032,1
5033,0
5034,0
5035,1
5036,1
5037,0
5038,1
5039,0
5040,1
5041,0
5042,1
5043,0
5044,0
5045,1
5046,0
5047,0
5048,0
5049,0
5050,0
5051,1
5052,0
5053,1
5054,0
5055,1
5056,1
5057,0
5058,0
5059,0
5060,1
5061,1
5062,1
5063,0
5064,1
5065,1
5066,0
5067,1
5068,1
5069,0
5070,0
5071,1
5072,1
5073,0
5074,1
5075,0
5076,1
5077,0
5078,1
5079,0
5080,1
5081,1
5082,0
5083,1
5084,1
5085,1
5086,1
5087,1
5088,0
5089,0
5090,1
5091,0
5092,0
5093,0
5094,0
5095,1
5096,1
5097,0
5098,1
5099,1
5100,0
5101,1
5102,1
5103,1
5104,0
5105,1
5106,1
5107,0
5108,1
5109,1
5110,1
5111,0
5112,1
5113,1
5114,1
5115,1
5116,1
5117,0
5118,1
5119,0
5120,0
5121,0
5122,1
5123,1
5124,0
5125,0
5126,1
5127,0
5128,1
5129,1
5130,1
5131,1
5132,0
5133,1
5134,1
5135,0
5136,0
5137,0
5138,0
5139,0
5140,1
5141,0
5142,0
5143,1
5144,0
5145,1
5146,1
5147,1
5148,0
5149,1
5150,1
5151,0
5152,1
5153,1
5154,1
5155,0
5156,0
5157,0
5158,0
5159,1
5160,1
5161,1
5162,1
5163,0
5164,0
5165,0
5166,0
5167,1
5168,1
5169,0
5170,1
5171,1
5172,0
5173,1
5174,1
5175,1
5176,1
5177,1
5178,0
5179,1
5180,1
5181,1
5182,1
5183,1
5184,1
5185,0
5186,1
5187,1
5188,0
5189,1
5190,1
5191,0
5192,0
5193,1
5194,0
5195,1
5196,1
5197,1
5198,1
5199,1
5200,0
5201,0
5202,1
5203,0
5204,0
5205,1
5206,0
5207,1
5208,1
5209,0
5210,0
5211,1
5212,0
5213,1
5214,0
5215,1
5216,0
5217,0
5218,0
5219,0
5220,1
5221,0
5222,0
5223,0
5224,0
5225,1
5226,1
5227,0
5228,0
5229,1
5230,0
5231,0
5232,0
5233,0
5234,0
5235,1
5236,1
5237,1
5238,0
5239,0
5240,1
5241,0
5242,1
5243,1
5244,1
5245,1
5246,1
5247,1
5248,1
5249,1
5250,1
5251,0
5252,0
5253,0
5254,1
5255,1
5256,1
5257,0
5258,1
5259,0
5260,1
5261,0
5262,1
5263,1
5264,1
5265,1
5266,1
5267,1
5268,0
5269,0
5270,0
5271,0
5272,1
5273,0
5274,1
5275,0
5276,1
5277,0
5278,1
5279,0
5280,0
5281,0
5282,1
5283,1
5284,1
5285,0
5286,0
5287,1
5288,0
5289,1
5290,0
5291,1
5292,1
5293,1
5294,0
5295,1
5296,1
5297,0
5298,1
5299,1
5300,0
5301,0
5302,1
5303,0
5304,0
5305,1
5306,1
5307,0
5308,0
5309,0
5310,1
5311,0
5312,1
5313,0
5314,0
5315,1
5316,1
5317,0
5318,0
5319,1
5320,1
5321,0
5322,1
5323,1
5324,0
5325,1
5326,0
5327,1
5328,1
5329,1
5330,0
5331,1
5332,1
5333,0
5334,1
5335,1
5336,1
5337,1
5338,1
5339,0
5340,1
5341,0
5342,0
5343,1
5344,0
5345,1
5346,0
5347,0
5348,1
5349,0
5350,0
5351,0
5352,1
5353,1
5354,1
5355,0
5356,0
5357,0
5358,0
5359,1
5360,0
5361,0
5362,1
5363,1
5364,0
5365,0
5366,1
5367,1
5368,0
5369,1
5370,1
5371,1
5372,0
5373,0
5374,1
5375,0
5376,0
5377,1
5378,1
5379,0
5380,1
5381,1
5382,0
5383,0
5384,1
5385,0
5386,1
5387,0
5388,1
5389,1
5390,1
5391,1
5392,0
5393,0
5394,0
5395,0
5396,0
5397,1
5398,1
5399,0
5400,0
5401,1
5402,0
5403,0
5404,1
5405,0
5406,0
5407,1
5408,1
5409,1
5410,1
5411,1
5412,0
5413,0
5414,1
5415,1
5416,1
5417,0
5418,1
5419,1
5420,0
5421,1
5422,1
5423,0
5424,0
5425,0
5426,0
5427,0
5428,1
5429,1
5430,0
5431,0
5432,1
5433,1
5434,1
5435,1
5436,1
5437,1
5438,1
5439,0
5440,1
5441,0
5442,0
5443,0
5444,1
5445,1
5446,0
5447,0
5448,1
5449,0
5450,1
5451,0
5452,0
5453,0
5454,1
5455,1
5456,1
5457,1
5458,0
5459,1
5460,0
5461,1
5462,1
5463,0
5464,0
5465,1
5466,1
5467,1
5468,0
5469,0
5470,0
5471,1
5472,1
5473,1
5474,1
5475,0
5476,1
5477,1
5478,1
5479,0
5480,1
5481,0
5482,1
5483,0
5484,1
5485,0
5486,1
5487,0
5488,1
5489,0
5490,0
5491,0
5492,0
5493,1
5494,0
5495,0
5496,0
5497,0
5498,0
5499,1
5500,1
5501,0
5502,1
5503,0
5504,0
5505,1
5506,1
5507,1
5508,1
5509,0
5510,0
5511,1
5512,1
5513,1
5514,1
5515,1
5516,1
5517,1
5518,1
5519,1
5520,1
5521,0
5522,1
5523,0
5524,0
5525,1
5526,0
5527,0
5528,1
5529,1
5530,0
5531,0
5532,0
5533,0
5534,1
5535,1
5536,0
5537,0
5538,1
5539,1
5540,0
5541,0
5542,1
5543,1
5544,1
5545,0
5546,0
5547,1
5548,1
5549,0
5550,0
5551,1
5552,0
5553,0
5554,1
5555,1
5556,0
5557,1
5558,0
5559,0
5560,1
5561,0
5562,1
5563,0
5564,1
5565,0
5566,1
5567,1
5568,1
5569,0
5570,0
5571,1
5572,1
5573,1
5574,0
5575,1
5576,1
5577,0
5578,0
5579,1
5580,0
5581,0
5582,1
5583,1
5584,0
5585,1
5586,1
5587,1
5588,1
5589,0
5590,1
5591,0
5592,1
5593,0
5594,1
5595,1
5596,1
5597,1
5598,0
5599,0
5600,1
5601,0
5602,0
5603,1
5604,0
5605,0
5606,0
5607,1
5608,1
5609,1
5610,0
5611,1
5612,1
5613,1
5614,1
5615,1
5616,0
5617,0
5618,1
5619,1
5620,1
5621,1
5622,1
5623,1
5624,1
5625,1
5626,1
5627,1
5628,0
5629,1
5630,0
5631,1
5632,1
5633,1
5634,1
5635,0
5636,1
5637,0
5638,0
5639,1
5640,1
5641,1
5642,1
5643,1
5644,1
5645,0
5646,0
5647,1
5648,0
5649,0
5650,0
5651,1
5652,1
5653,0
5654,0
5655,1
5656,0
5657,1
5658,1
5659,0
5660,0
5661,1
5662,0
5663,1
5664,1
5665,1
5666,1
5667,1
5668,0
5669,1
5670,1
5671,0
5672,0
5673,1
5674,0
5675,0
5676,1
5677,1
5678,1
5679,0
5680,1
5681,0
5682,1
5683,1
5684,1
5685,0
5686,1
5687,0
5688,0
5689,0
5690,1
5691,0
5692,1
5693,1
5694,1
5695,1
5696,1
5697,0
5698,0
5699,0
5700,1
5701,0
5702,1
5703,1
5704,0
5705,0
5706,1
5707,0
5708,0
5709,1
5710,0
5711,0
5712,0
5713,1
5714,1
5715,1
5716,1
5717,1
5718,1
5719,1
5720,1
5721,1
5722,1
5723,0
5724,1
5725,1
5726,1
5727,0
5728,1
5729,1
5730,0
5731,0
5732,0
5733,1
5734,0
5735,1
5736,0
5737,1
5738,1
5739,0
5740,1
5741,1
5742,0
5743,0
5744,1
5745,1
5746,1
5747,1
5748,0
5749,0
5750,1
5751,0
5752,1
5753,0
5754,1
5755,0
5756,1
5757,0
5758,0
5759,0
5760,1
5761,0
5762,0
5763,0
5764,1
5765,0
5766,1
5767,1
5768,1
5769,1
5770,1
5771,1
5772,0
5773,0
5774,1
5775,0
5776,1
5777,1
5778,0
5779,1
5780,0
5781,1
5782,1
5783,1
5784,0
5785,0
5786,1
5787,1
5788,1
5789,1
5790,0
5791,1
5792,0
5793,1
5794,0
5795,1
5796,1
5797,1
5798,0
5799,0
5800,0
5801,1
5802,0
5803,1
5804,1
5805,1
5806,0
5807,1
5808,1
5809,1
5810,0
5811,0
5812,1
5813,1
5814,1
5815,1
5816,0
5817,0
5818,0
5819,0
5820,1
5821,1
5822,0
5823,0
5824,0
5825,0
5826,0
5827,0
5828,0
5829,1
5830,0
5831,0
5832,0
5833,1
5834,0
5835,1
5836,1
5837,0
5838,1
5839,1
5840,1
5841,1
5842,0
5843,1
5844,0
5845,1
5846,1
5847,1
5848,1
5849,1
5850,0
5851,0
5852,0
5853,0
5854,1
5855,0
5856,0
5857,1
5858,0
5859,1
5860,0
5861,0
5862,1
5863,0
5864,1
5865,0
5866,0
5867,1
5868,1
5869,1
5870,0
5871,0
5872,1
5873,1
5874,1
5875,1
5876,0
5877,1
5878,0
5879,0
5880,0
5881,1
5882,1
5883,1
5884,1
5885,1
5886,1
5887,0
5888,0
5889,0
5890,1
5891,0
5892,1
5893,0
5894,1
5895,1
5896,1
5897,1
5898,1
5899,0
5900,1
5901,1
5902,1
5903,1
5904,0
5905,1
5906,1
5907,1
5908,1
5909,0
5910,0
5911,1
5912,1
5913,1
5914,1
5915,1
5916,0
5917,1
5918,0
5919,1
5920,1
5921,0
5922,0
5923,1
5924,1
5925,0
5926,0
5927,1
5928,0
5929,0
5930,1
5931,0
5932,0
5933,0
5934,1
5935,1
5936,1
5937,0
5938,0
5939,0
5940,0
5941,1
5942,1
5943,1
5944,0
5945,0
5946,0
5947,1
5948,1
5949,1
5950,1
5951,1
5952,1
5953,1
5954,0
5955,0
5956,1
5957,1
5958,0
5959,1
5960,1
5961,0
5962,0
5963,0
5964,1
5965,0
5966,0
5967,1
5968,1
5969,1
5970,0
5971,1
5972,1
5973,0
5974,1
5975,0
5976,0
5977,0
5978,0
5979,1
5980,1
5981,1
5982,0
5983,1
5984,1
5985,0
5986,0
5987,1
5988,1
5989,0
5990,0
5991,0
5992,1
5993,1
5994,0
5995,1
5996,1
5997,1
5998,0
5999,1
6000,1
6001,0
6002,1
6003,0
6004,1
6005,0
6006,0
6007,0
6008,1
6009,0
6010,1
6011,1
6012,1
6013,0
6014,0
6015,1
6016,0
6017,0
6018,1
6019,1
6020,0
6021,0
6022,1
6023,0
6024,1
6025,0
6026,1
6027,1
6028,1
6029,1
6030,0
6031,0
6032,1
6033,1
6034,1
6035,0
6036,1
6037,1
6038,0
6039,0
6040,1
6041,1
6042,1
6043,1
6044,1
6045,0
6046,1
6047,0
6048,1
6049,1
6050,0
6051,1
6052,0
6053,0
6054,0
6055,0
6056,1
6057,0
6058,1
6059,0
6060,1
6061,0
6062,0
6063,1
6064,1
6065,1
6066,0
6067,1
6068,1
6069,0
6070,1
6071,0
6072,1
6073,1
6074,1
6075,1
6076,0
6077,1
6078,0
6079,1
6080,0
6081,0
6082,1
6083,1
6084,0
6085,1
6086,1
6087,1
6088,0
6089,1
6090,1
6091,1
6092,1
6093,0
6094,1
6095,1
6096,1
6097,0
6098,1
6099,1
6100,1
6101,0
6102,0
6103,0
6104,0
6105,1
6106,0
6107,0
6108,0
6109,0
6110,0
6111,1
6112,1
6113,0
6114,0
6115,1
6116,1
6117,1
6118,1
6119,1
6120,1
6121,0
6122,1
6123,0
6124,1
6125,1
6126,0
6127,0
6128,0
6129,0
6130,0
6131,0
6132,1
6133,0
6134,0
6135,0
6136,0
6137,0
6138,1
6139,1
6140,1
6141,1
6142,0
6143,0
6144,0
6145,1
6146,0
6147,1
6148,1
6149,0
6150,1
6151,1
6152,0
6153,0
6154,1
6155,1
6156,1
6157,1
6158,0
6159,1
6160,1
6161,0
6162,0
6163,1
6164,0
6165,1
6166,0
6167,0
6168,1
6169,0
6170,0
6171,0
6172,1
6173,1
6174,0
6175,0
6176,0
6177,0
6178,1
6179,1
6180,0
6181,1
6182,1
6183,1
6184,0
6185,0
6186,0
6187,1
6188,1
6189,0
6190,0
6191,0
6192,1
6193,0
6194,0
6195,0
6196,1
6197,0
6198,1
6199,0
6200,0
6201,0
6202,1
6203,0
6204,0
6205,0
6206,1
6207,1
6208,0
6209,1
6210,1
6211,1
6212,1
6213,1
6214,1
6215,0
6216,1
6217,0
6218,1
6219,1
6220,1
6221,1
6222,0
6223,0
6224,1
6225,0
6226,1
6227,0
6228,0
6229,0
6230,1
6231,1
6232,0
6233,1
6234,1
6235,1
6236,0
6237,1
6238,0
6239,0
6240,1
6241,0
6242,1
6243,0
6244,0
6245,0
6246,1
6247,0
6248,1
6249,1
6250,0
6251,1
6252,0
6253,1
6254,1
6255,0
6256,1
6257,0
6258,1
6259,1
6260,0
6261,0
6262,0
6263,1
6264,1
6265,0
6266,1
6267,0
6268,0
6269,0
6270,1
6271,1
6272,0
6273,1
6274,0
6275,0
6276,1
6277,1
6278,0
6279,0
6280,0
6281,0
6282,0
6283,0
6284,0
6285,0
6286,1
6287,1
6288,0
6289,0
6290,0
6291,0
6292,0
6293,0
6294,1
6295,1
6296,0
6297,0
6298,1
6299,0
6300,1
6301,0
6302,0
6303,1
6304,0
6305,0
6306,0
6307,1
6308,1
6309,0
6310,1
6311,0
6312,1
6313,0
6314,1
6315,1
6316,0
6317,1
6318,1
6319,1
6320,0
6321,1
6322,0
6323,1
6324,0
6325,0
6326,1
6327,1
6328,0
6329,0
6330,0
6331,1
6332,1
6333,0
6334,1
6335,1
6336,0
6337,1
6338,0
6339,0
6340,0
6341,1
6342,0
6343,0
6344,1
6345,1
6346,0
6347,1
6348,0
6349,0
6350,0
6351,1
6352,0
6353,1
6354,1
6355,1
6356,0
6357,1
6358,1
6359,0
6360,0
6361,1
6362,0
6363,0
6364,1
6365,0
6366,0
6367,1
6368,1
6369,0
6370,0
6371,1
6372,0
6373,0
6374,1
6375,1
6376,1
6377,0
6378,1
6379,1
6380,1
6381,1
6382,0
6383,0
6384,1
6385,1
6386,1
6387,0
6388,1
6389,1
6390,0
6391,1
6392,0
6393,0
6394,0
6395,1
6396,1
6397,0
6398,1
6399,1
6400,1
6401,0
6402,0
6403,0
6404,0
6405,1
6406,1
6407,1
6408,0
6409,0
6410,1
6411,0
6412,1
6413,0
6414,0
6415,1
6416,1
6417,1
6418,0
6419,1
6420,1
6421,1
6422,1
6423,1
6424,1
6425,1
6426,0
6427,1
6428,1
6429,1
6430,1
6431,1
6432,1
6433,0
6434,0
6435,0
6436,1
6437,1
6438,0
6439,1
6440,1
6441,1
6442,1
6443,0
6444,1
6445,0
6446,0
6447,0
6448,0
6449,1
6450,0
6451,1
6452,0
6453,1
6454,0
6455,1
6456,1
6457,1
6458,1
6459,1
6460,0
6461,0
6462,0
6463,0
6464,1
6465,0
6466,0
6467,0
6468,0
6469,0
6470,1
6471,1
6472,0
6473,0
6474,1
6475,1
6476,0
6477,1
6478,0
6479,1
6480,1
6481,0
6482,1
6483,0
6484,1
6485,1
6486,1
6487,1
6488,1
6489,1
6490,1
6491,1
6492,0
6493,1
6494,1
6495,0
6496,1
6497,1
6498,0
6499,0
6500,0
6501,1
6502,1
6503,0
6504,0
6505,0
6506,0
6507,1
6508,0
6509,0
6510,0
6511,1
6512,0
6513,1
6514,0
6515,1
6516,1
6517,0
6518,1
6519,1
6520,1
6521,1
6522,0
6523,1
6524,0
6525,1
6526,1
6527,0
6528,1
6529,0
6530,0
6531,1
6532,1
6533,0
6534,1
6535,0
6536,1
6537,1
6538,1
6539,0
6540,1
6541,1
6542,0
6543,0
6544,1
6545,0
6546,1
6547,0
6548,0
6549,1
6550,1
6551,1
6552,0
6553,0
6554,0
6555,0
6556,1
6557,0
6558,0
6559,0
6560,0
6561,0
6562,0
6563,1
6564,1
6565,0
6566,0
6567,0
6568,0
6569,1
6570,0
6571,0
6572,0
6573,0
6574,1
6575,1
6576,1
6577,0
6578,0
6579,1
6580,1
6581,0
6582,0
6583,1
6584,1
6585,0
6586,1
6587,0
6588,1
6589,1
6590,0
6591,0
6592,0
6593,0
6594,1
6595,1
6596,0
6597,0
6598,0
6599,1
6600,1
6601,1
6602,1
6603,1
6604,1
6605,1
6606,1
6607,0
6608,1
6609,0
6610,0
6611,1
6612,0
6613,1
6614,1
6615,1
6616,0
6617,0
6618,0
6619,0
6620,0
6621,1
6622,1
6623,1
6624,0
6625,1
6626,1
6627,0
6628,0
6629,0
6630,0
6631,0
6632,0
6633,0
6634,0
6635,1
6636,0
6637,1
6638,0
6639,0
6640,1
6641,0
6642,1
6643,1
6644,1
6645,1
6646,1
6647,0
6648,0
6649,0
6650,1
6651,0
6652,1
6653,0
6654,1
6655,1
6656,0
6657,1
6658,0
6659,0
6660,0
6661,0
6662,1
6663,0
6664,1
6665,1
6666,0
6667,1
6668,0
6669,1
6670,1
6671,0
6672,0
6673,0
6674,1
6675,1
6676,0
6677,1
6678,0
6679,1
6680,1
6681,1
6682,0
6683,1
6684,1
6685,0
6686,0
6687,0
6688,1
6689,0
6690,0
6691,1
6692,0
6693,1
6694,0
6695,1
6696,1
6697,1
6698,0
6699,0
6700,1
6701,1
6702,1
6703,1
6704,0
6705,1
6706,0
6707,1
6708,1
6709,0
6710,1
6711,0
6712,1
6713,1
6714,1
6715,0
6716,1
6717,0
6718,0
6719,1
6720,1
6721,1
6722,0
6723,1
6724,0
6725,1
6726,1
6727,1
6728,0
6729,1
6730,0
6731,0
6732,0
6733,0
6734,1
6735,1
6736,1
6737,1
6738,0
6739,0
6740,0
6741,0
6742,0
6743,1
6744,0
6745,0
6746,1
6747,1
6748,0
6749,0
6750,1
6751,0
6752,1
6753,1
6754,0
6755,1
6756,1
6757,1
6758,1
6759,1
6760,0
6761,1
6762,1
6763,1
6764,0
6765,0
6766,0
6767,1
6768,0
6769,1
6770,0
6771,1
6772,1
6773,0
6774,1
6775,0
6776,0
6777,1
6778,1
6779,1
6780,1
6781,0
6782,1
6783,1
6784,0
6785,0
6786,1
6787,0
6788,0
6789,0
6790,1
6791,0
6792,1
6793,0
6794,0
6795,1
6796,0
6797,1
6798,1
6799,0
6800,1
6801,1
6802,1
6803,1
6804,1
6805,1
6806,1
6807,0
6808,1
6809,0
6810,0
6811,0
6812,0
6813,0
6814,0
6815,1
6816,1
6817,1
6818,1
6819,1
6820,1
6821,1
6822,0
6823,0
6824,1
6825,0
6826,0
6827,1
6828,1
6829,0
6830,1
6831,0
6832,0
6833,1
6834,1
6835,1
6836,0
6837,1
6838,0
6839,0
6840,1
6841,1
6842,1
6843,1
6844,1
6845,0
6846,1
6847,1
6848,0
6849,1
6850,0
6851,0
6852,1
6853,1
6854,1
6855,1
6856,0
6857,1
6858,0
6859,1
6860,1
6861,0
6862,1
6863,1
6864,0
6865,0
6866,1
6867,1
6868,1
6869,1
6870,1
6871,0
6872,0
6873,1
6874,1
6875,1
6876,1
6877,1
6878,1
6879,0
6880,1
6881,1
6882,1
6883,1
6884,0
6885,1
6886,0
6887,0
6888,1
6889,0
6890,0
6891,1
6892,1
6893,0
6894,0
6895,0
6896,0
6897,1
6898,1
6899,0
6900,0
6901,1
6902,1
6903,0
6904,1
6905,0
6906,0
6907,1
6908,0
6909,1
6910,1
6911,0
6912,1
6913,1
6914,0
6915,0
6916,1
6917,0
6918,1
6919,0
6920,1
6921,0
6922,1
6923,0
6924,0
6925,1
6926,0
6927,0
6928,1
6929,1
6930,0
6931,0
6932,1
6933,1
6934,0
6935,1
6936,0
6937,1
6938,0
6939,0
6940,1
6941,0
6942,1
6943,1
6944,1
6945,1
6946,0
6947,1
6948,1
6949,1
6950,0
6951,1
6952,1
6953,0
6954,1
6955,0
6956,1
6957,1
6958,1
6959,0
6960,1
6961,0
6962,0
6963,1
6964,1
6965,1
6966,1
6967,0
6968,1
6969,0
6970,1
6971,0
6972,1
6973,0
6974,1
6975,1
6976,0
6977,1
6978,1
6979,1
6980,1
6981,1
6982,1
6983,1
6984,1
6985,1
6986,0
6987,1
6988,1
6989,0
6990,0
6991,1
6992,0
6993,1
6994,0
6995,1
6996,0
6997,1
6998,1
6999,0
7000,1
7001,0
7002,1
7003,1
7004,0
7005,1
7006,1
7007,1
7008,1
7009,1
7010,0
7011,0
7012,0
7013,1
7014,1
7015,1
7016,1
7017,0
7018,0
7019,0
7020,1
7021,1
7022,1
7023,0
7024,0
7025,1
7026,1
7027,0
7028,1
7029,1
7030,0
7031,1
7032,1
7033,1
7034,0
7035,1
7036,1
7037,1
7038,0
7039,0
7040,1
7041,0
7042,0
7043,1
7044,1
7045,0
7046,1
7047,0
7048,1
7049,1
7050,0
7051,1
7052,0
7053,1
7054,0
7055,0
7056,1
7057,0
7058,1
7059,1
7060,1
7061,0
7062,0
7063,0
7064,0
7065,1
7066,0
7067,1
7068,1
7069,1
7070,1
7071,0
7072,1
7073,0
7074,1
7075,0
7076,1
7077,1
7078,0
7079,0
7080,0
7081,1
7082,1
7083,1
7084,1
7085,0
7086,1
7087,0
7088,0
7089,1
7090,1
7091,0
7092,0
7093,1
7094,0
7095,1
7096,0
7097,1
7098,0
7099,0
7100,0
7101,0
7102,1
7103,1
7104,0
7105,1
7106,0
7107,0
7108,1
7109,1
7110,0
7111,1
7112,0
7113,0
7114,0
7115,0
7116,1
7117,0
7118,0
7119,1
7120,0
7121,0
7122,1
7123,1
7124,1
7125,1
7126,0
7127,1
7128,1
7129,0
7130,1
7131,1
7132,1
7133,1
7134,0
7135,1
7136,1
7137,1
7138,1
7139,0
7140,1
7141,0
7142,1
7143,1
7144,0
7145,1
7146,1
7147,0
7148,0
7149,0
7150,1
7151,1
7152,1
7153,1
7154,0
7155,1
7156,1
7157,1
7158,1
7159,0
7160,0
7161,0
7162,1
7163,1
7164,0
7165,1
7166,1
7167,0
7168,0
7169,1
7170,1
7171,0
7172,1
7173,0
7174,0
7175,1
7176,1
7177,1
7178,1
7179,1
7180,1
7181,0
7182,1
7183,1
7184,1
7185,1
7186,1
7187,1
7188,0
7189,1
7190,1
7191,1
7192,0
7193,1
7194,0
7195,0
7196,1
7197,1
7198,1
7199,0
7200,1
7201,1
7202,1
7203,0
7204,0
7205,0
7206,0
7207,0
7208,0
7209,0
7210,1
7211,1
7212,0
7213,1
7214,1
7215,1
7216,1
7217,1
7218,1
7219,1
7220,1
7221,1
7222,1
7223,1
7224,0
7225,0
7226,1
7227,1
7228,0
7229,1
7230,0
7231,1
7232,0
7233,0
7234,0
7235,1
7236,1
7237,0
7238,0
7239,0
7240,1
7241,0
7242,0
7243,1
7244,0
7245,1
7246,0
7247,0
7248,1
7249,1
7250,1
7251,0
7252,0
7253,0
7254,1
7255,1
7256,1
7257,0
7258,0
7259,0
7260,0
7261,1
7262,1
7263,0
7264,1
7265,1
7266,1
7267,0
7268,1
7269,0
7270,1
7271,1
7272,0
7273,1
7274,1
7275,1
7276,0
7277,1
7278,1
7279,0
7280,1
7281,1
7282,1
7283,0
7284,1
7285,1
7286,0
7287,1
7288,0
7289,0
7290,0
7291,0
7292,0
7293,0
7294,1
7295,0
7296,1
7297,0
7298,0
7299,1
7300,1
7301,1
7302,1
7303,0
7304,0
7305,0
7306,0
7307,1
7308,0
7309,1
7310,1
7311,0
7312,0
7313,1
7314,1
7315,1
7316,0
7317,0
7318,1
7319,0
7320,1
7321,0
7322,1
7323,1
7324,1
7325,0
7326,0
7327,1
7328,1
7329,0
7330,0
7331,1
7332,1
7333,0
7334,0
7335,1
7336,1
7337,0
7338,0
7339,1
7340,1
7341,1
7342,0
7343,0
7344,1
7345,0
7346,1
7347,1
7348,1
7349,1
7350,0
7351,0
7352,0
7353,0
7354,0
7355,0
7356,0
7357,0
7358,1
7359,1
7360,0
7361,1
7362,1
7363,1
7364,0
7365,0
7366,0
7367,0
7368,0
7369,1
7370,1
7371,1
7372,1
7373,1
7374,0
7375,0
7376,0
7377,0
7378,1
7379,1
7380,0
7381,1
7382,1
7383,0
7384,1
7385,0
7386,0
7387,1
7388,1
7389,0
7390,0
7391,1
7392,1
7393,0
7394,1
7395,1
7396,0
7397,1
7398,0
7399,1
7400,0
7401,1
7402,0
7403,1
7404,0
7405,1
7406,0
7407,0
7408,1
7409,1
7410,1
7411,0
7412,0
7413,1
7414,0
7415,1
7416,0
7417,0
7418,0
7419,1
7420,0
7421,1
7422,1
7423,0
7424,0
7425,1
7426,1
7427,1
7428,1
7429,1
7430,1
7431,0
7432,0
7433,1
7434,0
7435,0
7436,1
7437,1
7438,0
7439,0
7440,0
7441,0
7442,1
7443,1
7444,1
7445,0
7446,1
7447,0
7448,1
7449,1
7450,1
7451,1
7452,0
7453,0
7454,1
7455,0
7456,0
7457,0
7458,0
7459,1
7460,0
7461,0
7462,1
7463,0
7464,1
7465,1
7466,0
7467,0
7468,0
7469,1
7470,0
7471,1
7472,0
7473,1
7474,0
7475,1
7476,1
7477,0
7478,1
7479,0
7480,1
7481,1
7482,0
7483,0
7484,0
7485,1
7486,0
7487,1
7488,0
7489,0
7490,1
7491,0
7492,1
7493,0
7494,1
7495,1
7496,1
7497,0
7498,1
7499,0
7500,1
7501,0
7502,1
7503,1
7504,0
7505,0
7506,0
7507,1
7508,0
7509,0
7510,1
7511,0
7512,1
7513,1
7514,1
7515,0
7516,0
7517,1
7518,0
7519,1
7520,0
7521,0
7522,1
7523,1
7524,0
7525,0
7526,0
7527,1
7528,0
7529,1
7530,0
7531,1
7532,1
7533,0
7534,0
7535,1
7536,0
7537,1
7538,0
7539,1
7540,0
7541,0
7542,1
7543,1
7544,1
7545,1
7546,0
7547,1
7548,0
7549,1
7550,0
7551,1
7552,1
7553,0
7554,1
7555,0
7556,1
7557,1
7558,0
7559,0
7560,0
7561,1
7562,0
7563,0
7564,0
7565,0
7566,1
7567,0
7568,0
7569,0
7570,1
7571,0
7572,1
7573,1
7574,0
7575,0
7576,0
7577,0
7578,1
7579,0
7580,0
7581,1
7582,1
7583,1
7584,1
7585,1
7586,0
7587,1
7588,1
7589,1
7590,1
7591,0
7592,1
7593,0
7594,0
7595,0
7596,1
7597,1
7598,1
7599,1
7600,1
7601,1
7602,0
7603,1
7604,1
7605,0
7606,0
7607,1
7608,0
7609,1
7610,1
7611,0
7612,1
7613,0
7614,0
7615,1
7616,1
7617,0
7618,1
7619,1
7620,1
7621,0
7622,0
7623,0
7624,1
7625,1
7626,1
7627,1
7628,1
7629,0
7630,0
7631,1
7632,0
7633,1
7634,0
7635,0
7636,0
7637,0
7638,0
7639,1
7640,1
7641,0
7642,0
7643,1
7644,0
7645,1
7646,1
7647,1
7648,1
7649,0
7650,0
7651,0
7652,1
7653,0
7654,0
7655,1
7656,0
7657,0
7658,0
7659,1
7660,0
7661,1
7662,1
7663,0
7664,0
7665,0
7666,0
7667,0
7668,0
7669,0
7670,1
7671,1
7672,1
7673,0
7674,1
7675,1
7676,0
7677,0
7678,0
7679,1
7680,0
7681,1
7682,0
7683,1
7684,0
7685,1
7686,0
7687,1
7688,1
7689,1
7690,1
7691,0
7692,0
7693,1
7694,0
7695,1
7696,0
7697,1
7698,1
7699,0
7700,1
7701,1
7702,1
7703,1
7704,1
7705,1
7706,0
7707,0
7708,0
7709,1
7710,0
7711,1
7712,0
7713,1
7714,0
7715,1
7716,1
7717,0
7718,0
7719,1
7720,0
7721,0
7722,0
7723,1
7724,1
7725,0
7726,1
7727,1
7728,1
7729,1
7730,1
7731,1
7732,0
7733,1
7734,1
7735,1
7736,1
7737,0
7738,0
7739,1
7740,1
7741,0
7742,1
7743,1
7744,1
7745,1
7746,0
7747,0
7748,0
7749,0
7750,1
7751,0
7752,1
7753,1
7754,1
7755,1
7756,1
7757,0
7758,0
7759,1
7760,1
7761,1
7762,0
7763,1
7764,1
7765,0
7766,1
7767,0
7768,1
7769,0
7770,1
7771,1
7772,0
7773,1
7774,0
7775,0
7776,0
7777,0
7778,0
7779,1
7780,0
7781,1
7782,0
7783,1
7784,1
7785,0
7786,1
7787,0
7788,0
7789,1
7790,1
7791,1
7792,1
7793,1
7794,0
7795,1
7796,1
7797,0
7798,1
7799,1
7800,0
7801,1
7802,0
7803,0
7804,0
7805,0
7806,1
7807,1
7808,1
7809,1
7810,1
7811,1
7812,1
7813,1
7814,0
7815,1
7816,0
7817,1
7818,1
7819,0
7820,0
7821,0
7822,1
7823,1
7824,0
7825,1
7826,0
7827,1
7828,1
7829,0
7830,0
7831,1
7832,1
7833,1
7834,1
7835,1
7836,1
7837,0
7838,0
7839,1
7840,0
7841,0
7842,0
7843,1
7844,1
7845,1
7846,1
7847,0
7848,0
7849,1
7850,0
7851,1
7852,1
7853,0
7854,1
7855,1
7856,1
7857,0
7858,1
7859,0
7860,1
7861,0
7862,0
7863,0
7864,1
7865,0
7866,1
7867,1
7868,1
7869,0
7870,1
7871,1
7872,1
7873,1
7874,0
7875,1
7876,1
7877,1
7878,1
7879,1
7880,1
7881,1
7882,0
7883,1
7884,0
7885,1
7886,0
7887,1
7888,1
7889,1
7890,1
7891,0
7892,1
7893,1
7894,0
7895,1
7896,1
7897,1
7898,1
7899,1
7900,0
7901,1
7902,1
7903,1
7904,0
7905,1
7906,1
7907,1
7908,0
7909,0
7910,0
7911,0
7912,0
7913,0
7914,0
7915,0
7916,1
7917,0
7918,0
7919,1
7920,1
7921,0
7922,1
7923,1
7924,1
7925,1
7926,0
7927,1
7928,0
7929,0
7930,0
7931,0
7932,0
7933,0
7934,0
7935,0
7936,1
7937,0
7938,1
7939,0
7940,1
7941,1
7942,0
7943,1
7944,1
7945,0
7946,0
7947,0
7948,0
7949,1
7950,1
7951,1
7952,0
7953,0
7954,1
7955,1
7956,0
7957,1
7958,1
7959,1
7960,1
7961,1
7962,0
7963,0
7964,1
7965,0
7966,0
7967,1
7968,0
7969,1
7970,1
7971,0
7972,0
7973,1
7974,0
7975,1
7976,1
7977,1
7978,1
7979,0
7980,1
7981,1
7982,0
7983,0
7984,0
7985,0
7986,1
7987,1
7988,1
7989,1
7990,1
7991,0
7992,1
7993,1
7994,1
7995,1
7996,0
7997,1
7998,1
7999,1
8000,1
8001,1
8002,0
8003,0
8004,1
8005,1
8006,0
8007,1
8008,0
8009,0
8010,0
8011,1
8012,0
8013,0
8014,0
8015,1
8016,0
8017,1
8018,1
8019,0
8020,0
8021,1
8022,1
8023,1
8024,0
8025,1
8026,0
8027,1
8028,0
8029,0
8030,1
8031,0
8032,0
8033,0
8034,1
8035,1
8036,1
8037,0
8038,0
8039,1
8040,1
8041,1
8042,1
8043,0
8044,1
8045,1
8046,0
8047,0
8048,0
8049,0
8050,1
8051,0
8052,1
8053,1
8054,0
8055,1
8056,1
8057,0
8058,1
8059,1
8060,0
8061,1
8062,1
8063,1
8064,0
8065,1
8066,0
8067,0
8068,1
8069,0
8070,0
8071,1
8072,0
8073,0
8074,0
8075,1
8076,1
8077,0
8078,1
8079,1
8080,0
8081,1
8082,0
8083,0
8084,1
8085,0
8086,1
8087,1
8088,1
8089,1
8090,1
8091,1
8092,0
8093,0
8094,1
8095,1
8096,0
8097,1
8098,1
8099,1
8100,1
8101,0
8102,1
8103,1
8104,0
8105,1
8106,1
8107,0
8108,1
8109,1
8110,0
8111,1
8112,1
8113,1
8114,1
8115,0
8116,1
8117,0
8118,1
8119,1
8120,1
8121,0
8122,0
8123,1
8124,1
8125,1
8126,0
8127,0
8128,1
8129,1
8130,1
8131,0
8132,1
8133,1
8134,1
8135,1
8136,0
8137,1
8138,1
8139,0
8140,1
8141,0
8142,1
8143,1
8144,0
8145,1
8146,0
8147,0
8148,0
8149,1
8150,1
8151,1
8152,1
8153,1
8154,1
8155,1
8156,0
8157,0
8158,1
8159,1
8160,0
8161,1
8162,0
8163,1
8164,1
8165,1
8166,0
8167,0
8168,1
8169,1
8170,1
8171,0
8172,0
8173,1
8174,0
8175,0
8176,1
8177,1
8178,1
8179,1
8180,1
8181,1
8182,1
8183,1
8184,0
8185,0
8186,0
8187,1
8188,0
8189,1
8190,0
8191,0
8192,0
8193,1
8194,1
8195,0
8196,1
8197,0
8198,1
8199,0
8200,1
8201,1
8202,0
8203,1
8204,1
8205,1
8206,1
8207,0
8208,0
8209,1
8210,0
8211,0
8212,0
8213,0
8214,1
8215,0
8216,1
8217,0
8218,0
8219,0
8220,1
8221,1
8222,1
8223,0
8224,0
8225,0
8226,0
8227,1
8228,0
8229,1
8230,0
8231,1
8232,0
8233,0
8234,0
8235,0
8236,1
8237,1
8238,0
8239,0
8240,1
8241,1
8242,0
8243,0
8244,1
8245,0
8246,0
8247,1
8248,1
8249,1
8250,1
8251,0
8252,1
8253,1
8254,1
8255,1
8256,1
8257,1
8258,1
8259,0
8260,0
8261,1
8262,1
8263,0
8264,1
8265,0
8266,0
8267,1
8268,1
8269,0
8270,0
8271,1
8272,1
8273,0
8274,1
8275,0
8276,0
8277,0
8278,1
8279,0
8280,0
8281,1
8282,1
8283,0
8284,0
8285,0
8286,0
8287,1
8288,0
8289,1
8290,1
8291,1
8292,1
8293,0
8294,0
8295,1
8296,1
8297,0
8298,1
8299,1
8300,1
8301,1
8302,0
8303,1
8304,0
8305,0
8306,1
8307,0
8308,0
8309,1
8310,1
8311,1
8312,0
8313,1
8314,1
8315,1
8316,1
8317,1
8318,1
8319,1
8320,1
8321,1
8322,0
8323,0
8324,1
8325,0
8326,0
8327,0
8328,1
8329,0
8330,1
8331,1
8332,0
8333,1
8334,1
8335,0
8336,1
8337,1
8338,1
8339,0
8340,0
8341,1
8342,1
8343,0
8344,1
8345,0
8346,1
8347,1
8348,1
8349,1
8350,1
8351,1
8352,0
8353,0
8354,0
8355,1
8356,1
8357,0
8358,1
8359,1
8360,1
8361,1
8362,0
8363,1
8364,1
8365,0
8366,1
8367,1
8368,1
8369,1
8370,0
8371,1
8372,1
8373,1
8374,1
8375,0
8376,1
8377,0
8378,0
8379,0
8380,0
8381,1
8382,0
8383,0
8384,1
8385,1
8386,0
8387,0
8388,1
8389,0
8390,0
8391,1
8392,0
8393,1
8394,1
8395,0
8396,1
8397,0
8398,0
8399,0
8400,1
8401,1
8402,1
8403,1
8404,1
8405,1
8406,0
8407,1
8408,1
8409,0
8410,1
8411,1
8412,0
8413,1
8414,0
8415,1
8416,0
8417,0
8418,0
8419,1
8420,1
8421,1
8422,0
8423,0
8424,0
8425,1
8426,1
8427,0
8428,1
8429,1
8430,0
8431,1
8432,0
8433,1
8434,0
8435,1
8436,1
8437,1
8438,0
8439,0
8440,0
8441,0
8442,1
8443,0
8444,0
8445,1
8446,1
8447,1
8448,1
8449,1
8450,0
8451,1
8452,1
8453,1
8454,0
8455,1
8456,1
8457,0
8458,1
8459,1
8460,1
8461,0
8462,0
8463,1
8464,1
8465,0
8466,1
8467,0
8468,0
8469,0
8470,1
8471,0
8472,1
8473,1
8474,0
8475,0
8476,1
8477,1
8478,1
8479,0
8480,0
8481,0
8482,1
8483,0
8484,1
8485,0
8486,1
8487,0
8488,0
8489,1
8490,0
8491,1
8492,0
8493,1
8494,1
8495,1
8496,1
8497,1
8498,1
8499,0
8500,0
8501,1
8502,0
8503,1
8504,1
8505,1
8506,0
8507,0
8508,0
8509,1
8510,1
8511,1
8512,1
8513,1
8514,0
8515,1
8516,1
8517,1
8518,1
8519,1
8520,0
8521,1
8522,1
8523,0
8524,0
8525,0
8526,1
8527,1
8528,0
8529,1
8530,1
8531,1
8532,1
8533,0
8534,1
8535,0
8536,1
8537,1
8538,0
8539,1
8540,1
8541,0
8542,1
8543,1
8544,1
8545,1
8546,1
8547,0
8548,0
8549,1
8550,1
8551,0
8552,0
8553,1
8554,0
8555,1
8556,0
8557,0
8558,1
8559,1
8560,1
8561,1
8562,0
8563,0
8564,1
8565,0
8566,1
8567,1
8568,1
8569,1
8570,1
8571,1
8572,1
8573,1
8574,0
8575,1
8576,1
8577,1
8578,1
8579,1
8580,1
8581,1
8582,1
8583,0
8584,1
8585,0
8586,0
8587,1
8588,1
8589,0
8590,1
8591,1
8592,1
8593,1
8594,0
8595,0
8596,1
8597,1
8598,1
8599,0
8600,1
8601,0
8602,1
8603,0
8604,1
8605,0
8606,1
8607,1
8608,1
8609,0
8610,1
8611,0
8612,1
8613,1
8614,1
8615,1
8616,1
8617,1
8618,0
8619,1
8620,0
8621,1
8622,1
8623,1
8624,1
8625,0
8626,0
8627,0
8628,1
8629,1
8630,0
8631,0
8632,1
8633,1
8634,1
8635,1
8636,0
8637,0
8638,1
8639,0
8640,0
8641,1
8642,1
8643,1
8644,0
8645,0
8646,1
8647,0
8648,1
8649,1
8650,1
8651,0
8652,1
8653,1
8654,0
8655,1
8656,1
8657,1
8658,0
8659,0
8660,1
8661,1
8662,0
8663,0
8664,1
8665,1
8666,0
8667,0
8668,0
8669,0
8670,1
8671,1
8672,1
8673,0
8674,0
8675,1
8676,1
8677,0
8678,0
8679,1
8680,0
8681,0
8682,0
8683,0
8684,1
8685,0
8686,0
8687,1
8688,1
8689,1
8690,1
8691,0
8692,1
8693,0
8694,1
8695,1
8696,0
8697,1
8698,1
8699,1
8700,0
8701,0
8702,1
8703,0
8704,1
8705,1
8706,1
8707,1
8708,0
8709,0
8710,1
8711,1
8712,0
8713,1
8714,0
8715,1
8716,0
8717,0
8718,1
8719,0
8720,0
8721,1
8722,0
8723,0
8724,0
8725,0
8726,0
8727,0
8728,1
8729,0
8730,0
8731,1
8732,1
8733,0
8734,1
8735,1
8736,0
8737,1
8738,0
8739,1
8740,0
8741,1
8742,1
8743,0
8744,1
8745,1
8746,0
8747,1
8748,1
8749,1
8750,1
8751,1
8752,0
8753,0
8754,0
8755,1
8756,1
8757,1
8758,1
8759,1
8760,1
8761,1
8762,1
8763,0
8764,0
8765,0
8766,1
8767,0
8768,0
8769,1
8770,0
8771,0
8772,1
8773,1
8774,0
8775,1
8776,1
8777,0
8778,0
8779,0
8780,1
8781,1
8782,1
8783,1
8784,0
8785,1
8786,1
8787,0
8788,0
8789,0
8790,0
8791,1
8792,0
8793,1
8794,1
8795,0
8796,0
8797,0
8798,0
8799,0
8800,0
8801,0
8802,0
8803,1
8804,0
8805,1
8806,1
8807,0
8808,1
8809,0
8810,1
8811,1
8812,1
8813,1
8814,0
8815,0
8816,1
8817,0
8818,1
8819,0
8820,0
8821,1
8822,0
8823,0
8824,1
8825,1
8826,1
8827,0
8828,1
8829,1
8830,1
8831,1
8832,1
8833,1
8834,0
8835,0
8836,1
8837,0
8838,0
8839,0
8840,0
8841,0
8842,0
8843,0
8844,1
8845,0
8846,0
8847,0
8848,0
8849,1
8850,1
8851,1
8852,1
8853,1
8854,0
8855,1
8856,1
8857,0
8858,0
8859,1
8860,0
8861,1
8862,0
8863,0
8864,0
8865,0
8866,0
8867,0
8868,1
8869,1
8870,1
8871,0
8872,1
8873,1
8874,0
8875,1
8876,1
8877,0
8878,0
8879,1
8880,1
8881,0
8882,1
8883,1
8884,1
8885,1
8886,1
8887,0
8888,0
8889,0
8890,0
8891,0
8892,1
8893,1
8894,0
8895,0
8896,1
8897,1
8898,1
8899,1
8900,1
8901,0
8902,1
8903,1
8904,1
8905,1
8906,1
8907,0
8908,1
8909,0
8910,0
8911,0
8912,1
8913,1
8914,0
8915,0
8916,0
8917,1
8918,0
8919,0
8920,0
8921,1
8922,1
8923,0
8924,1
8925,0
8926,0
8927,1
8928,0
8929,0
8930,0
8931,0
8932,1
8933,1
8934,0
8935,0
8936,0
8937,1
8938,1
8939,0
8940,1
8941,0
8942,1
8943,1
8944,1
8945,0
8946,0
8947,1
8948,0
8949,0
8950,1
8951,1
8952,1
8953,0
8954,1
8955,1
8956,0
8957,0
8958,0
8959,1
8960,1
8961,0
8962,0
8963,1
8964,1
8965,0
8966,0
8967,0
8968,1
8969,0
8970,1
8971,1
8972,1
8973,0
8974,0
8975,0
8976,0
8977,0
8978,0
8979,1
8980,0
8981,0
8982,0
8983,1
8984,1
8985,0
8986,1
8987,1
8988,0
8989,1
8990,1
8991,1
8992,0
8993,0
8994,1
8995,1
8996,0
8997,0
8998,0
8999,1
9000,1
9001,1
9002,0
9003,0
9004,0
9005,0
9006,1
9007,0
9008,1
9009,1
9010,1
9011,1
9012,0
9013,0
9014,0
9015,0
9016,0
9017,1
9018,1
9019,0
9020,0
9021,1
9022,0
9023,1
9024,0
9025,1
9026,1
9027,1
9028,0
9029,0
9030,0
9031,1
9032,1
9033,0
9034,1
9035,0
9036,1
9037,0
9038,0
9039,1
9040,1
9041,1
9042,1
9043,1
9044,0
9045,1
9046,0
9047,1
9048,0
9049,1
9050,1
9051,0
9052,1
9053,0
9054,1
9055,1
9056,0
9057,0
9058,0
9059,1
9060,0
9061,0
9062,0
9063,1
9064,1
9065,1
9066,0
9067,1
9068,1
9069,0
9070,0
9071,1
9072,0
9073,0
9074,0
9075,1
9076,0
9077,0
9078,1
9079,1
9080,1
9081,0
9082,0
9083,1
9084,1
9085,1
9086,1
9087,1
9088,0
9089,1
9090,1
9091,1
9092,1
9093,0
9094,0
9095,0
9096,0
9097,1
9098,0
9099,0
9100,0
9101,0
9102,1
9103,1
9104,0
9105,1
9106,0
9107,0
9108,1
9109,1
9110,0
9111,0
9112,1
9113,0
9114,1
9115,1
9116,0
9117,1
9118,0
9119,1
9120,0
9121,0
9122,1
9123,1
9124,1
9125,1
9126,1
9127,0
9128,0
9129,0
9130,1
9131,0
9132,1
9133,1
9134,0
9135,0
9136,0
9137,0
9138,0
9139,1
9140,1
9141,1
9142,0
9143,1
9144,1
9145,1
9146,1
9147,0
9148,1
9149,0
9150,0
9151,1
9152,0
9153,0
9154,1
9155,1
9156,1
9157,1
9158,0
9159,1
9160,0
9161,0
9162,1
9163,1
9164,1
9165,1
9166,1
9167,1
9168,0
9169,1
9170,1
9171,1
9172,0
9173,1
9174,1
9175,0
9176,0
9177,0
9178,1
9179,0
9180,0
9181,1
9182,1
9183,0
9184,1
9185,0
9186,1
9187,0
9188,1
9189,1
9190,1
9191,1
9192,1
9193,1
9194,0
9195,0
9196,0
9197,0
9198,1
9199,0
9200,1
9201,0
9202,0
9203,0
9204,0
9205,0
9206,1
9207,0
9208,1
9209,1
9210,0
9211,1
9212,0
9213,0
9214,1
9215,1
9216,1
9217,1
9218,1
9219,0
9220,1
9221,0
9222,0
9223,1
9224,0
9225,0
9226,0
9227,0
9228,1
9229,1
9230,1
9231,1
9232,0
9233,0
9234,1
9235,0
9236,1
9237,1
9238,0
9239,0
9240,1
9241,0
9242,0
9243,1
9244,0
9245,1
9246,1
9247,0
9248,0
9249,1
9250,0
9251,0
9252,1
9253,1
9254,1
9255,1
9256,0
9257,1
9258,1
9259,1
9260,1
9261,0
9262,1
9263,1
9264,1
9265,0
9266,1
9267,0
9268,0
9269,0
9270,0
9271,1
9272,0
9273,0
9274,1
9275,1
9276,0
9277,1
9278,1
9279,0
9280,1
9281,1
9282,1
9283,1
9284,1
9285,0
9286,0
9287,1
9288,1
9289,0
9290,0
9291,0
9292,1
9293,1
9294,1
9295,0
9296,1
9297,0
9298,1
9299,1
9300,0
9301,1
9302,0
9303,0
9304,0
9305,1
9306,1
9307,0
9308,1
9309,1
9310,0
9311,0
9312,0
9313,0
9314,0
9315,0
9316,0
9317,0
9318,0
9319,0
9320,1
9321,1
9322,1
9323,0
9324,0
9325,0
9326,0
9327,1
9328,1
9329,0
9330,1
9331,1
9332,1
9333,0
9334,0
9335,1
9336,0
9337,1
9338,1
9339,0
9340,0
9341,1
9342,0
9343,1
9344,0
9345,1
9346,1
9347,0
9348,1
9349,0
9350,1
9351,0
9352,1
9353,1
9354,0
9355,0
9356,0
9357,1
9358,0
9359,0
9360,0
9361,0
9362,1
9363,0
9364,0
9365,0
9366,0
9367,1
9368,0
9369,0
9370,0
9371,0
9372,0
9373,0
9374,0
9375,1
9376,0
9377,0
9378,1
9379,1
9380,0
9381,1
9382,0
9383,0
9384,0
9385,0
9386,1
9387,0
9388,0
9389,0
9390,1
9391,0
9392,0
9393,1
9394,1
9395,1
9396,0
9397,1
9398,1
9399,1
9400,1
9401,1
9402,0
9403,1
9404,1
9405,0
9406,1
9407,0
9408,1
9409,0
9410,0
9411,0
9412,1
9413,0
9414,1
9415,0
9416,1
9417,1
9418,1
9419,0
9420,0
9421,1
9422,0
9423,1
9424,1
9425,1
9426,1
9427,1
9428,1
9429,0
9430,0
9431,1
9432,0
9433,1
9434,1
9435,1
9436,0
9437,1
9438,1
9439,0
9440,1
9441,0
9442,1
9443,1
9444,1
9445,0
9446,0
9447,0
9448,0
9449,1
9450,0
9451,1
9452,0
9453,0
9454,0
9455,0
9456,1
9457,0
9458,0
9459,1
9460,1
9461,0
9462,0
9463,0
9464,0
9465,1
9466,1
9467,1
9468,0
9469,1
9470,0
9471,0
9472,0
9473,1
9474,0
9475,0
9476,1
9477,1
9478,1
9479,1
9480,1
9481,1
9482,0
9483,1
9484,0
9485,0
9486,0
9487,1
9488,1
9489,1
9490,1
9491,1
9492,1
9493,0
9494,1
9495,0
9496,0
9497,1
9498,1
9499,1
9500,1
9501,1
9502,0
9503,0
9504,0
9505,1
9506,0
9507,0
9508,0
9509,1
9510,0
9511,1
9512,0
9513,1
9514,1
9515,0
9516,1
9517,1
9518,0
9519,1
9520,1
9521,1
9522,0
9523,1
9524,0
9525,0
9526,0
9527,0
9528,1
9529,1
9530,1
9531,0
9532,1
9533,1
9534,1
9535,1
9536,1
9537,0
9538,0
9539,1
9540,1
9541,0
9542,0
9543,0
9544,1
9545,1
9546,0
9547,0
9548,0
9549,0
9550,1
9551,0
9552,1
9553,0
9554,1
9555,1
9556,1
9557,1
9558,1
9559,1
9560,0
9561,0
9562,1
9563,1
9564,1
9565,0
9566,0
9567,0
9568,0
9569,1
9570,1
9571,0
9572,1
9573,1
9574,1
9575,0
9576,1
9577,0
9578,1
9579,0
9580,1
9581,1
9582,0
9583,0
9584,0
9585,0
9586,0
9587,1
9588,0
9589,0
9590,1
9591,1
9592,1
9593,0
9594,0
9595,1
9596,0
9597,1
9598,0
9599,1
9600,0
9601,1
9602,1
9603,0
9604,1
9605,0
9606,0
9607,0
9608,0
9609,1
9610,0
9611,0
9612,1
9613,1
9614,0
9615,1
9616,1
9617,1
9618,1
9619,0
9620,0
9621,1
9622,1
9623,1
9624,1
9625,0
9626,1
9627,1
9628,0
9629,0
9630,0
9631,0
9632,1
9633,0
9634,0
9635,1
9636,1
9637,1
9638,1
9639,0
9640,0
9641,1
9642,1
9643,0
9644,0
9645,0
9646,1
9647,0
9648,1
9649,1
9650,1
9651,1
9652,1
9653,1
9654,0
9655,0
9656,0
9657,0
9658,1
9659,1
9660,0
9661,0
9662,1
9663,1
9664,1
9665,0
9666,0
9667,0
9668,1
9669,1
9670,1
9671,0
9672,0
9673,0
9674,0
9675,1
9676,1
9677,0
9678,0
9679,0
9680,1
9681,1
9682,1
9683,1
9684,1
9685,1
9686,1
9687,1
9688,0
9689,1
9690,1
9691,1
9692,0
9693,0
9694,0
9695,1
9696,0
9697,0
9698,0
9699,0
9700,0
9701,1
9702,0
9703,1
9704,0
9705,1
9706,1
9707,0
9708,1
9709,0
9710,1
9711,1
9712,1
9713,1
9714,1
9715,0
9716,1
9717,1
9718,0
9719,0
9720,0
9721,1
9722,0
9723,0
9724,1
9725,0
9726,1
9727,0
9728,0
9729,1
9730,1
9731,1
9732,0
9733,0
9734,1
9735,0
9736,0
9737,0
9738,1
9739,1
9740,0
9741,1
9742,0
9743,1
9744,1
9745,1
9746,1
9747,1
9748,0
9749,1
9750,0
9751,1
9752,1
9753,0
9754,0
9755,0
9756,0
9757,1
9758,0
9759,0
9760,1
9761,1
9762,1
9763,1
9764,1
9765,0
9766,1
9767,1
9768,0
9769,0
9770,1
9771,1
9772,1
9773,1
9774,0
9775,1
9776,1
9777,1
9778,0
9779,1
9780,0
9781,0
9782,1
9783,1
9784,1
9785,0
9786,0
9787,0
9788,0
9789,1
9790,0
9791,1
9792,0
9793,0
9794,0
9795,1
9796,0
9797,0
9798,1
9799,1
9800,0
9801,0
9802,0
9803,0
9804,1
9805,0
9806,0
9807,1
9808,0
9809,0
9810,1
9811,1
9812,0
9813,0
9814,1
9815,0
9816,0
9817,1
9818,1
9819,1
9820,0
9821,1
9822,1
9823,0
9824,0
9825,1
9826,1
9827,0
9828,0
9829,1
9830,0
9831,0
9832,1
9833,1
9834,0
9835,1
9836,1
9837,1
9838,0
9839,1
9840,1
9841,0
9842,1
9843,0
9844,0
9845,1
9846,0
9847,0
9848,1
9849,0
9850,1
9851,1
9852,1
9853,0
9854,1
9855,1
9856,0
9857,1
9858,0
9859,0
9860,1
9861,0
9862,0
9863,0
9864,0
9865,1
9866,1
9867,0
9868,0
9869,1
9870,0
9871,0
9872,1
9873,1
9874,1
9875,0
9876,0
9877,1
9878,1
9879,0
9880,1
9881,1
9882,1
9883,1
9884,1
9885,0
9886,0
9887,1
9888,1
9889,1
9890,0
9891,0
9892,1
9893,0
9894,0
9895,0
9896,1
9897,1
9898,1
9899,1
9900,0
9901,0
9902,0
9903,0
9904,0
9905,0
9906,1
9907,0
9908,0
9909,0
9910,1
9911,1
9912,1
9913,1
9914,0
9915,0
9916,0
9917,0
9918,0
9919,1
9920,0
9921,0
9922,0
9923,1
9924,0
9925,0
9926,1
9927,1
9928,0
9929,1
9930,1
9931,0
9932,1
9933,1
9934,0
9935,1
9936,0
9937,1
9938,1
9939,0
9940,1
9941,1
9942,0
9943,1
9944,0
9945,1
9946,1
9947,1
9948,1
9949,1
9950,1
9951,0
9952,1
9953,0
9954,1
9955,1
9956,1
9957,1
9958,1
9959,1
9960,1
9961,0
9962,1
9963,1
9964,0
9965,1
9966,1
9967,1
9968,1
9969,1
9970,1
9971,0
9972,1
9973,1
9974,1
9975,1
9976,0
9977,1
9978,0
9979,1
9980,1
9981,0
9982,0
9983,0
9984,1
9985,0
9986,0
9987,0
9988,0
9989,1
9990,1
9991,0
9992,1
9993,0
9994,0
9995,1
9996,0
9997,0
9998,1
9999,1
10000,1
10001,0
10002,0
10003,0
10004,0
10005,0
10006,1
10007,0
10008,1
10009,0
10010,1
10011,0
10012,1
10013,1
10014,0
10015,1
10016,1
10017,1
10018,0
10019,1
10020,1
10021,0
10022,1
10023,1
10024,0
10025,1
10026,1
10027,1
10028,1
10029,1
10030,1
10031,1
10032,1
10033,0
10034,1
10035,1
10036,1
10037,1
10038,0
10039,1
10040,1
10041,1
10042,0
10043,1
10044,0
10045,0
10046,0
10047,0
10048,1
10049,1
10050,0
10051,1
10052,0
10053,1
10054,0
10055,0
10056,1
10057,1
10058,1
10059,1
10060,0
10061,1
10062,0
10063,1
10064,0
10065,0
10066,1
10067,1
10068,1
10069,1
10070,1
10071,0
10072,1
10073,1
10074,1
10075,0
10076,1
10077,1
10078,1
10079,1
10080,1
10081,0
10082,1
10083,0
10084,0
10085,1
10086,0
10087,1
10088,0
10089,1
10090,0
10091,0
10092,1
10093,0
10094,0
10095,1
10096,0
10097,0
10098,1
10099,0
10100,0
10101,1
10102,0
10103,0
10104,0
10105,1
10106,0
10107,0
10108,1
10109,0
10110,0
10111,0
10112,1
10113,0
10114,0
10115,0
10116,1
10117,0
10118,1
10119,1
10120,1
10121,1
10122,0
10123,0
10124,1
10125,0
10126,0
10127,1
10128,0
10129,1
10130,0
10131,1
10132,0
10133,1
10134,0
10135,1
10136,0
10137,0
10138,1
10139,0
10140,1
10141,1
10142,0
10143,0
10144,1
10145,0
10146,0
10147,0
10148,1
10149,0
10150,1
10151,0
10152,0
10153,1
10154,0
10155,1
10156,0
10157,0
10158,0
10159,0
10160,0
10161,0
10162,1
10163,1
10164,1
10165,0
10166,0
10167,1
10168,0
10169,1
10170,1
10171,1
10172,0
10173,1
10174,0
10175,1
10176,0
10177,0
10178,0
10179,1
10180,1
10181,1
10182,1
10183,1
10184,1
10185,0
10186,1
10187,0
10188,0
10189,0
10190,1
10191,0
10192,1
10193,0
10194,1
10195,0
10196,1
10197,0
10198,1
10199,1
10200,0
10201,1
10202,1
10203,1
10204,0
10205,1
10206,1
10207,0
10208,0
10209,1
10210,1
10211,1
10212,1
10213,0
10214,1
10215,1
10216,0
10217,0
10218,1
10219,0
10220,1
10221,1
10222,0
10223,0
10224,1
10225,1
10226,0
10227,0
10228,1
10229,0
10230,1
